Gene Name,baseMean,log2FoldChange,lfcSE,stat,pvalue,padj,,,,,,,,,,,,,,,,,,,
LnegCSP12,32.94312,4.823348,1.132193,15.82912,6.93E-05,0.018614,ejaculatory bulb-specific protein 3-like [Temnothorax curvispinosus],,,,,,,,,,,,,,,,,,
Lneg_g04488,127.7879,4.613872,0.775172,30.03126,4.25E-08,5.17E-05,uncharacterized protein LOC112466906 [Temnothorax curvispinosus],,,,,,,,,,,,,,,,,,
Lneg_g15685,31.1106,4.004481,0.619263,41.01356,1.51E-10,4.90E-07,PREDICTED: lipase 1-like [Acromyrmex echinatior],,,,,,,,,,,,,,,,,,
Lneg_g10988,695.6384,3.90856,0.721256,24.22925,8.55E-07,0.000757,cytochrome P450 4C1-like [Temnothorax curvispinosus],,,,,,,,,,,,,,,,,,
Lneg_g12868,23865.46,3.795697,0.885983,14.80407,0.000119,0.024696,uncharacterized protein LOC105200011 [Solenopsis invicta],,,,,,,,,,,,,,,,,,
Lneg_g10987,835.3514,3.533098,0.757773,18.47257,1.72E-05,0.007624,cytochrome P450 4C1-like [Temnothorax curvispinosus],,,,,,,,,,,,,,,,,,
Lneg_g10923,36.22706,3.385496,0.856364,13.82568,0.000201,0.029883,G-protein coupled receptor Mth2 isoform X1 [Ooceraea biroi],,,,,,,,,,,,,,,,,,
Lneg_g12702,28.21278,3.332898,0.714824,21.54639,3.45E-06,0.002241,uncharacterized protein LOC105288080 [Ooceraea biroi],,,,,,,,,,,,,,,,,,
Lneg_g02994,2729.972,3.256376,0.83532,12.92445,0.000324,0.033574,larval cuticle protein lcp-17 [Lasius niger],,,,,,,,,,,,,,,,,,
Lneg_g01709,26.33185,3.019103,0.656952,18.83667,1.42E-05,0.006599,PREDICTED: uncharacterized protein LOC105153783 [Acromyrmex echinatior],,,,,,,,,,,,,,,,,,
Lneg_g04526,162.0787,2.996672,0.859606,11.25022,0.000796,0.0494,hypothetical protein RF55_12861 [Lasius niger],,,,,,,,,,,,,,,,,,
Lneg_g09489,70.83696,2.951939,0.708756,15.52235,8.15E-05,0.020344,cytochrome P450 4C1-like [Temnothorax curvispinosus],,,,,,,,,,,,,,,,,,
Lneg_g04489,74.83387,2.758053,0.602746,20.14064,7.20E-06,0.004119,hypothetical protein RF55_5210 [Lasius niger],,,,,,,,,,,,,,,,,,
Lneg_g12509,398.407,2.732512,0.572257,21.8913,2.89E-06,0.002027,cytochrome P450 6k1 [Solenopsis invicta],,,,,,,,,,,,,,,,,,
Lneg_g03700,515.8041,2.705377,0.702251,14.2031,0.000164,0.028597,,,,,,,,,,,,,,,,,,,
Lneg_g05870,13644.96,2.649918,0.708979,13.16976,0.000285,0.032192,,,,,,,,,,,,,,,,,,,
Lneg_g08838,4223.294,2.528898,0.529999,21.87134,2.92E-06,0.002027,,,,,,,,,,,,,,,,,,,
Lneg_g12508,19234.52,2.510612,0.536542,21.08234,4.40E-06,0.002676,,,,,,,,,,,,,,,,,,,
Lneg_g10557,49.91986,2.442898,0.474149,26.10609,3.23E-07,0.000349,,,,,,,,,,,,,,,,,,,
Lneg_g11610,976.3601,2.367295,0.611687,13.89198,0.000194,0.029883,,,,,,,,,,,,,,,,,,,
Lneg_g07868,719.8722,2.348953,0.645151,11.65071,0.000642,0.047591,,,,,,,,,,,,,,,,,,,
Lneg_g15236,676.2163,2.321404,0.535175,17.99465,2.22E-05,0.009222,,,,,,,,,,,,,,,,,,,
Lneg_g09376,2265.955,2.28487,0.581198,15.21793,9.58E-05,0.021677,,,,,,,,,,,,,,,,,,,
Lneg_g16403,2214.537,2.228788,0.559426,14.41818,0.000146,0.02823,,,,,,,,,,,,,,,,,,,
Lneg_g02606,87.87415,2.193496,0.489854,19.42348,1.05E-05,0.005661,,,,,,,,,,,,,,,,,,,
Lneg_g13745,654.5654,2.173661,0.614892,11.33444,0.000761,0.048959,,,,,,,,,,,,,,,,,,,
Lneg_g10558,127.5392,2.046458,0.528942,13.63979,0.000221,0.029929,,,,,,,,,,,,,,,,,,,
Lneg_g05553,74.81997,2.021352,0.502536,16.2097,5.67E-05,0.017243,,,,,,,,,,,,,,,,,,,
Lneg_g07477,70.47924,1.917368,0.563638,11.55273,0.000676,0.047703,,,,,,,,,,,,,,,,,,,
Lneg_g14465,205.295,1.815304,0.460357,11.63543,0.000647,0.047591,,,,,,,,,,,,,,,,,,,
Lneg_g11044,576.9694,1.791253,0.532149,11.19467,0.00082,0.0494,,,,,,,,,,,,,,,,,,,
Lneg_g05164,51.05335,1.772815,0.490419,13.0795,0.000299,0.033035,,,,,,,,,,,,,,,,,,,
Lneg_g10536,128.3124,1.736152,0.49499,12.31573,0.000449,0.040848,,,,,,,,,,,,,,,,,,,
Lneg_g15599,96.5686,1.722886,0.460367,14.19774,0.000165,0.028597,,,,,,,,,,,,,,,,,,,
Lneg_g00140,1245.696,1.695712,0.508083,11.21232,0.000813,0.0494,,,,,,,,,,,,,,,,,,,
Lneg_g02538,2565.924,1.576015,0.392692,15.79004,7.08E-05,0.018614,,,,,,,,,,,,,,,,,,,
Lneg_g10026,54.62757,1.558992,0.396333,15.41004,8.65E-05,0.020626,,,,,,,,,,,,,,,,,,,
Lneg_g02593,12799.51,1.548129,0.455169,11.13954,0.000845,0.049839,,,,,,,,,,,,,,,,,,,
Lneg_g05543,251.3034,1.530809,0.450061,11.56725,0.000671,0.047703,,,,,,,,,,,,,,,,,,,
Lneg_g12581,48.60499,1.448461,0.407333,12.82436,0.000342,0.034323,,,,,,,,,,,,,,,,,,,
Lneg_g15230,67.98853,1.434723,0.403679,12.74579,0.000357,0.035266,,,,,,,,,,,,,,,,,,,
Lneg_g10677,185.5867,1.423987,0.364179,15.14734,9.94E-05,0.021992,,,,,,,,,,,,,,,,,,,
Lneg_g12469,94.60145,1.360333,0.337676,16.57019,4.69E-05,0.014922,,,,,,,,,,,,,,,,,,,
Lneg_g07498,208.4563,1.206302,0.346318,11.63866,0.000646,0.047591,,,,,,,,,,,,,,,,,,,
Lneg_g12698,3659.543,1.08439,0.263265,15.63896,7.67E-05,0.019631,,,,,,,,,,,,,,,,,,,
Lneg_g04119,2349.226,1.001662,0.28982,11.87701,0.000568,0.045128,,,,,,,,,,,,,,,,,,,
Lneg_g05204,396.9152,0.967879,0.280728,11.77553,0.0006,0.046719,,,,,,,,,,,,,,,,,,,
Lneg_g04443,666.863,0.96079,0.286132,11.40236,0.000734,0.048959,,,,,,,,,,,,,,,,,,,
Lneg_g01956,303.0945,0.938031,0.257205,13.43481,0.000247,0.030181,,,,,,,,,,,,,,,,,,,
Lneg_g13529,1934.003,0.892834,0.263514,11.39812,0.000735,0.048959,,,,,,,,,,,,,,,,,,,
Lneg_g12472,9386.466,0.891461,0.229852,14.98852,0.000108,0.022882,,,,,,,,,,,,,,,,,,,
Lneg_g10047,661.8184,0.888332,0.253596,12.33742,0.000444,0.040848,,,,,,,,,,,,,,,,,,,
Lneg_g04598,489.3128,0.88465,0.264893,11.36602,0.000748,0.048959,,,,,,,,,,,,,,,,,,,
Lneg_g06193,1093.529,0.854652,0.232877,12.98492,0.000314,0.033059,,,,,,,,,,,,,,,,,,,
Lneg_g04836,207.6268,0.854549,0.245327,12.09114,0.000507,0.042869,,,,,,,,,,,,,,,,,,,
Lneg_g05171,4690.409,0.842896,0.247001,11.75739,0.000606,0.046719,,,,,,,,,,,,,,,,,,,
Lneg_g12338,1443.5,0.831884,0.226237,13.32163,0.000262,0.031519,,,,,,,,,,,,,,,,,,,
Lneg_g11523,399.7943,0.824787,0.208776,16.08342,6.06E-05,0.017348,,,,,,,,,,,,,,,,,,,
Lneg_g00527,512.5943,0.813192,0.242651,11.18999,0.000822,0.0494,,,,,,,,,,,,,,,,,,,
Lneg_g03008,113.7316,0.811181,0.242841,11.35141,0.000754,0.048959,,,,,,,,,,,,,,,,,,,
Lneg_g05162,2043.829,0.794356,0.223097,12.82727,0.000342,0.034323,,,,,,,,,,,,,,,,,,,
Lneg_g16342,3217.465,0.773771,0.183924,17.94445,2.27E-05,0.009222,,,,,,,,,,,,,,,,,,,
Lneg_g14703,1044.826,0.769841,0.219346,12.47988,0.000411,0.038863,,,,,,,,,,,,,,,,,,,
Lneg_g07861,1155.015,0.764889,0.227112,11.55729,0.000675,0.047703,,,,,,,,,,,,,,,,,,,
Lneg_g10368,256.8745,0.750086,0.20526,13.46294,0.000243,0.030181,,,,,,,,,,,,,,,,,,,
Lneg_g01931,515.7104,0.740886,0.20348,13.55016,0.000232,0.030164,,,,,,,,,,,,,,,,,,,
Lneg_g13954,2076.191,0.733442,0.211398,12.00604,0.00053,0.043363,,,,,,,,,,,,,,,,,,,
Lneg_g10327,1040.247,0.716457,0.197562,13.42628,0.000248,0.030181,,,,,,,,,,,,,,,,,,,
Lneg_g14952,973.3029,0.690945,0.187478,13.28165,0.000268,0.031616,,,,,,,,,,,,,,,,,,,
Lneg_g06950,697.9271,0.689877,0.195502,12.69445,0.000367,0.035266,,,,,,,,,,,,,,,,,,,
Lneg_g06433,534.8969,0.687137,0.189456,13.07823,0.000299,0.033035,,,,,,,,,,,,,,,,,,,
Lneg_g09738,1361.196,0.679774,0.20195,11.62573,0.00065,0.047591,,,,,,,,,,,,,,,,,,,
Lneg_g10880,3231.689,0.669485,0.191669,12.32813,0.000446,0.040848,,,,,,,,,,,,,,,,,,,
Lneg_g05561,3954.111,0.662088,0.18412,12.67967,0.00037,0.035266,,,,,,,,,,,,,,,,,,,
Lneg_g07955,600.1498,0.661226,0.175081,14.23374,0.000161,0.028597,,,,,,,,,,,,,,,,,,,
Lneg_g12045,2052.71,0.659832,0.152789,18.86774,1.40E-05,0.006599,,,,,,,,,,,,,,,,,,,
Lneg_g05974,601.3039,0.629881,0.174124,13.26652,0.00027,0.031616,,,,,,,,,,,,,,,,,,,
Lneg_g02143,371.6486,0.628679,0.180497,12.14838,0.000491,0.042687,,,,,,,,,,,,,,,,,,,
Lneg_g02018,1547.338,0.617561,0.150682,16.91912,3.90E-05,0.013556,,,,,,,,,,,,,,,,,,,
Lneg_g04751,710.5644,0.610979,0.18386,11.3249,0.000765,0.048959,,,,,,,,,,,,,,,,,,,
Lneg_g15340,1964.077,0.535862,0.153416,12.33331,0.000445,0.040848,,,,,,,,,,,,,,,,,,,
Lneg_g11065,1182.337,0.533494,0.160424,11.29781,0.000776,0.049354,,,,,,,,,,,,,,,,,,,
Lneg_g11317,2122.616,0.531985,0.159158,11.27408,0.000786,0.0494,,,,,,,,,,,,,,,,,,,
Lneg_g06468,3773.456,0.519948,0.123493,17.71744,2.56E-05,0.009975,,,,,,,,,,,,,,,,,,,
Lneg_g15497,1077.158,0.452504,0.121061,14.00948,0.000182,0.0295,,,,,,,,,,,,,,,,,,,
