,GO.ID,Term,Annotated,Significant,Expected,Fisher,WorkersInpadj,,,,,,,,,,,,,,,,,,
1,GO:0006260,DNA replication,48,17,5.36,0.000011,0.005005,**,,,,,,,,,,,,,,,,,
2,GO:0006298,mismatch repair,7,5,0.78,0.0003,0.06825,,,,,,,,,,,,,,,,,,
3,GO:0005978,glycogen biosynthetic process,3,3,0.34,0.0014,0.212333333,,,,,,,,,,,,,,,,,,
4,GO:0006281,DNA repair,76,26,8.49,0.0039,0.333666667,,,,,,,,,,,,,,,,,,
5,GO:0006096,glycolytic process,7,4,0.78,0.0041,0.333666667,,,,,,,,,,,,,,,,,,
6,GO:0006464,cellular protein modification process,510,62,57,0.0044,0.333666667,,,,,,,,,,,,,,,,,,
7,GO:0006364,rRNA processing,27,8,3.02,0.0074,0.4375,,,,,,,,,,,,,,,,,,
8,GO:0042254,ribosome biogenesis,45,14,5.03,0.0097,0.4375,,,,,,,,,,,,,,,,,,
9,GO:0006414,translational elongation,17,5,1.9,0.0122,0.4375,,,,,,,,,,,,,,,,,,
10,GO:0007030,Golgi organization,2,2,0.22,0.0125,0.4375,,,,,,,,,,,,,,,,,,
11,GO:0006529,asparagine biosynthetic process,2,2,0.22,0.0125,0.4375,,,,,,,,,,,,,,,,,,
12,GO:0000289,nuclear-transcribed mRNA poly(A) tail shortening,2,2,0.22,0.0125,0.4375,,,,,,,,,,,,,,,,,,
13,GO:0045947,negative regulation of translational initiation,2,2,0.22,0.0125,0.4375,,,,,,,,,,,,,,,,,,
14,GO:0009058,biosynthetic process,910,140,101.71,0.0147,0.47775,,,,,,,,,,,,,,,,,,
15,GO:0006367,transcription initiation from RNA polymerase II promoter,10,4,1.12,0.0187,0.567233333,,,,,,,,,,,,,,,,,,
16,GO:0006487,protein N-linked glycosylation,14,5,1.56,0.0344,0.652166667,,,,,,,,,,,,,,,,,,
17,GO:0000724,double-strand break repair via homologous recombination,7,3,0.78,0.0344,0.652166667,,,,,,,,,,,,,,,,,,
18,GO:0046854,phosphatidylinositol phosphorylation,3,2,0.34,0.0346,0.652166667,,,,,,,,,,,,,,,,,,
19,GO:0006396,RNA processing,192,38,21.46,0.0469,0.652166667,,,,,,,,,,,,,,,,,,
20,GO:0006352,"DNA-templated transcription, initiation",26,10,2.91,0.047,0.652166667,,,,,,,,,,,,,,,,,,
21,GO:0032259,methylation,47,10,5.25,0.0498,0.652166667,,,,,,,,,,,,,,,,,,
22,GO:0006412,translation,183,31,20.45,0.0536,0.652166667,,,,,,,,,,,,,,,,,,
23,GO:0006826,iron ion transport,5,3,0.56,0.0639,0.652166667,,,,,,,,,,,,,,,,,,
24,GO:0000079,regulation of cyclin-dependent protein serine/threonine kinase activity,4,2,0.45,0.0642,0.652166667,,,,,,,,,,,,,,,,,,
25,GO:0000723,telomere maintenance,4,2,0.45,0.0642,0.652166667,,,,,,,,,,,,,,,,,,
26,GO:0000387,spliceosomal snRNP assembly,9,3,1.01,0.0697,0.652166667,,,,,,,,,,,,,,,,,,
27,GO:0006397,mRNA processing,82,14,9.16,0.0929,0.652166667,,,,,,,,,,,,,,,,,,
28,GO:0006751,glutathione catabolic process,5,2,0.56,0.0992,0.652166667,,,,,,,,,,,,,,,,,,
29,GO:0006879,cellular iron ion homeostasis,5,2,0.56,0.0992,0.652166667,,,,,,,,,,,,,,,,,,
30,GO:0007059,chromosome segregation,15,6,1.68,0.1109,0.652166667,,,,,,,,,,,,,,,,,,
31,GO:0006361,transcription initiation from RNA polymerase I promoter,2,2,0.22,0.1115,0.652166667,,,,,,,,,,,,,,,,,,
32,GO:0060147,regulation of posttranscriptional gene silencing,2,2,0.22,0.1115,0.652166667,,,,,,,,,,,,,,,,,,
33,GO:0002084,protein depalmitoylation,1,1,0.11,0.1118,0.652166667,,,,,,,,,,,,,,,,,,
34,GO:0042276,error-prone translesion synthesis,1,1,0.11,0.1118,0.652166667,,,,,,,,,,,,,,,,,,
35,GO:0070966,"nuclear-transcribed mRNA catabolic process, no-go decay",1,1,0.11,0.1118,0.652166667,,,,,,,,,,,,,,,,,,
36,GO:0097352,autophagosome maturation,1,1,0.11,0.1118,0.652166667,,,,,,,,,,,,,,,,,,
37,GO:0030091,protein repair,1,1,0.11,0.1118,0.652166667,,,,,,,,,,,,,,,,,,
38,GO:0000012,single strand break repair,1,1,0.11,0.1118,0.652166667,,,,,,,,,,,,,,,,,,
39,GO:0006525,arginine metabolic process,1,1,0.11,0.1118,0.652166667,,,,,,,,,,,,,,,,,,
40,GO:0006919,activation of cysteine-type endopeptidase activity involved in apoptotic process,1,1,0.11,0.1118,0.652166667,,,,,,,,,,,,,,,,,,
41,GO:0001188,RNA polymerase I preinitiation complex assembly,1,1,0.11,0.1118,0.652166667,,,,,,,,,,,,,,,,,,
42,GO:0015886,heme transport,1,1,0.11,0.1118,0.652166667,,,,,,,,,,,,,,,,,,
43,GO:0010389,regulation of G2/M transition of mitotic cell cycle,1,1,0.11,0.1118,0.652166667,,,,,,,,,,,,,,,,,,
44,GO:0016480,negative regulation of transcription by RNA polymerase III,1,1,0.11,0.1118,0.652166667,,,,,,,,,,,,,,,,,,
45,GO:0035518,histone H2A monoubiquitination,1,1,0.11,0.1118,0.652166667,,,,,,,,,,,,,,,,,,
46,GO:0032968,positive regulation of transcription elongation from RNA polymerase II promoter,1,1,0.11,0.1118,0.652166667,,,,,,,,,,,,,,,,,,
47,GO:0031110,regulation of microtubule polymerization or depolymerization,1,1,0.11,0.1118,0.652166667,,,,,,,,,,,,,,,,,,
48,GO:1903259,exon-exon junction complex disassembly,1,1,0.11,0.1118,0.652166667,,,,,,,,,,,,,,,,,,
49,GO:0006621,protein retention in ER lumen,1,1,0.11,0.1118,0.652166667,,,,,,,,,,,,,,,,,,
50,GO:0016598,protein arginylation,1,1,0.11,0.1118,0.652166667,,,,,,,,,,,,,,,,,,
51,GO:0006616,"SRP-dependent cotranslational protein targeting to membrane, translocation",1,1,0.11,0.1118,0.652166667,,,,,,,,,,,,,,,,,,
52,GO:0048011,neurotrophin TRK receptor signaling pathway,1,1,0.11,0.1118,0.652166667,,,,,,,,,,,,,,,,,,
53,GO:0006231,dTMP biosynthetic process,1,1,0.11,0.1118,0.652166667,,,,,,,,,,,,,,,,,,
54,GO:0006392,transcription elongation from mitochondrial promoter,1,1,0.11,0.1118,0.652166667,,,,,,,,,,,,,,,,,,
55,GO:0032264,IMP salvage,1,1,0.11,0.1118,0.652166667,,,,,,,,,,,,,,,,,,
56,GO:0097111,endoplasmic reticulum-Golgi intermediate compartment organization,1,1,0.11,0.1118,0.652166667,,,,,,,,,,,,,,,,,,
57,GO:0043001,Golgi to plasma membrane protein transport,1,1,0.11,0.1118,0.652166667,,,,,,,,,,,,,,,,,,
58,GO:0060964,regulation of gene silencing by miRNA,1,1,0.11,0.1118,0.652166667,,,,,,,,,,,,,,,,,,
59,GO:0071025,RNA surveillance,1,1,0.11,0.1118,0.652166667,,,,,,,,,,,,,,,,,,
60,GO:0051315,attachment of mitotic spindle microtubules to kinetochore,1,1,0.11,0.1118,0.652166667,,,,,,,,,,,,,,,,,,
61,GO:0045132,meiotic chromosome segregation,1,1,0.11,0.1118,0.652166667,,,,,,,,,,,,,,,,,,
62,GO:0019243,methylglyoxal catabolic process to D-lactate via S-lactoyl-glutathione,1,1,0.11,0.1118,0.652166667,,,,,,,,,,,,,,,,,,
63,GO:0007349,cellularization,1,1,0.11,0.1118,0.652166667,,,,,,,,,,,,,,,,,,
64,GO:0015671,oxygen transport,1,1,0.11,0.1118,0.652166667,,,,,,,,,,,,,,,,,,
65,GO:0070481,"nuclear-transcribed mRNA catabolic process, non-stop decay",1,1,0.11,0.1118,0.652166667,,,,,,,,,,,,,,,,,,
66,GO:0001731,formation of translation preinitiation complex,1,1,0.11,0.1118,0.652166667,,,,,,,,,,,,,,,,,,
67,GO:0046294,formaldehyde catabolic process,1,1,0.11,0.1118,0.652166667,,,,,,,,,,,,,,,,,,
68,GO:0032367,intracellular cholesterol transport,1,1,0.11,0.1118,0.652166667,,,,,,,,,,,,,,,,,,
69,GO:0007096,regulation of exit from mitosis,1,1,0.11,0.1118,0.652166667,,,,,,,,,,,,,,,,,,
70,GO:0071557,histone H3-K27 demethylation,1,1,0.11,0.1118,0.652166667,,,,,,,,,,,,,,,,,,
71,GO:0006069,ethanol oxidation,1,1,0.11,0.1118,0.652166667,,,,,,,,,,,,,,,,,,
72,GO:0000379,tRNA-type intron splice site recognition and cleavage,1,1,0.11,0.1118,0.652166667,,,,,,,,,,,,,,,,,,
73,GO:0006884,cell volume homeostasis,1,1,0.11,0.1118,0.652166667,,,,,,,,,,,,,,,,,,
74,GO:0006471,protein ADP-ribosylation,1,1,0.11,0.1118,0.652166667,,,,,,,,,,,,,,,,,,
75,GO:1902017,regulation of cilium assembly,1,1,0.11,0.1118,0.652166667,,,,,,,,,,,,,,,,,,
76,GO:0006021,inositol biosynthetic process,1,1,0.11,0.1118,0.652166667,,,,,,,,,,,,,,,,,,
77,GO:1902412,regulation of mitotic cytokinesis,1,1,0.11,0.1118,0.652166667,,,,,,,,,,,,,,,,,,
78,GO:0010265,SCF complex assembly,1,1,0.11,0.1118,0.652166667,,,,,,,,,,,,,,,,,,
79,GO:0007020,microtubule nucleation,6,2,0.67,0.138,0.794810127,,,,,,,,,,,,,,,,,,
80,GO:0006351,"transcription, DNA-templated",381,51,42.58,0.1482,0.807911765,,,,,,,,,,,,,,,,,,
81,GO:0001510,RNA methylation,22,5,2.46,0.1769,0.807911765,,,,,,,,,,,,,,,,,,
82,GO:0006270,DNA replication initiation,9,3,1.01,0.179,0.807911765,,,,,,,,,,,,,,,,,,
83,GO:0006144,purine nucleobase metabolic process,7,2,0.78,0.1795,0.807911765,,,,,,,,,,,,,,,,,,
84,GO:0006221,pyrimidine nucleotide biosynthetic process,7,3,0.78,0.2104,0.807911765,,,,,,,,,,,,,,,,,,
85,GO:0006388,"tRNA splicing, via endonucleolytic cleavage and ligation",3,2,0.34,0.2107,0.807911765,,,,,,,,,,,,,,,,,,
86,GO:0070988,demethylation,6,2,0.67,0.2108,0.807911765,,,,,,,,,,,,,,,,,,
87,GO:0051301,cell division,6,2,0.67,0.2108,0.807911765,,,,,,,,,,,,,,,,,,
88,GO:0045017,glycerolipid biosynthetic process,25,4,2.79,0.2109,0.807911765,,,,,,,,,,,,,,,,,,
89,GO:0071108,protein K48-linked deubiquitination,2,1,0.22,0.2111,0.807911765,,,,,,,,,,,,,,,,,,
90,GO:0035023,regulation of Rho protein signal transduction,2,1,0.22,0.2111,0.807911765,,,,,,,,,,,,,,,,,,
91,GO:0000493,box H/ACA snoRNP assembly,2,1,0.22,0.2111,0.807911765,,,,,,,,,,,,,,,,,,
92,GO:0032456,endocytic recycling,2,1,0.22,0.2111,0.807911765,,,,,,,,,,,,,,,,,,
93,GO:0000055,ribosomal large subunit export from nucleus,2,1,0.22,0.2111,0.807911765,,,,,,,,,,,,,,,,,,
94,GO:0032049,cardiolipin biosynthetic process,2,1,0.22,0.2111,0.807911765,,,,,,,,,,,,,,,,,,
95,GO:0019441,tryptophan catabolic process to kynurenine,2,1,0.22,0.2111,0.807911765,,,,,,,,,,,,,,,,,,
96,GO:0032007,negative regulation of TOR signaling,2,1,0.22,0.2111,0.807911765,,,,,,,,,,,,,,,,,,
97,GO:0080009,mRNA methylation,2,1,0.22,0.2111,0.807911765,,,,,,,,,,,,,,,,,,
98,GO:0030010,establishment of cell polarity,2,1,0.22,0.2111,0.807911765,,,,,,,,,,,,,,,,,,
99,GO:0042732,D-xylose metabolic process,2,1,0.22,0.2111,0.807911765,,,,,,,,,,,,,,,,,,
100,GO:0051225,spindle assembly,2,1,0.22,0.2111,0.807911765,,,,,,,,,,,,,,,,,,
101,GO:0006285,"base-excision repair, AP site formation",2,1,0.22,0.2111,0.807911765,,,,,,,,,,,,,,,,,,
102,GO:0009396,folic acid-containing compound biosynthetic process,2,1,0.22,0.2111,0.807911765,,,,,,,,,,,,,,,,,,
103,GO:0031297,replication fork processing,2,1,0.22,0.2111,0.807911765,,,,,,,,,,,,,,,,,,
104,GO:0000103,sulfate assimilation,2,1,0.22,0.2111,0.807911765,,,,,,,,,,,,,,,,,,
105,GO:0030174,regulation of DNA-dependent DNA replication initiation,2,1,0.22,0.2111,0.807911765,,,,,,,,,,,,,,,,,,
106,GO:0019509,L-methionine salvage from methylthioadenosine,2,1,0.22,0.2111,0.807911765,,,,,,,,,,,,,,,,,,
107,GO:0016126,sterol biosynthetic process,2,1,0.22,0.2111,0.807911765,,,,,,,,,,,,,,,,,,
108,GO:0006376,mRNA splice site selection,2,1,0.22,0.2111,0.807911765,,,,,,,,,,,,,,,,,,
109,GO:0040034,"regulation of development, heterochronic",2,1,0.22,0.2111,0.807911765,,,,,,,,,,,,,,,,,,
110,GO:0023041,neuronal signal transduction,2,1,0.22,0.2111,0.807911765,,,,,,,,,,,,,,,,,,
111,GO:0060294,cilium movement involved in cell motility,2,1,0.22,0.2111,0.807911765,,,,,,,,,,,,,,,,,,
112,GO:0071163,DNA replication preinitiation complex assembly,2,1,0.22,0.2111,0.807911765,,,,,,,,,,,,,,,,,,
113,GO:0018279,protein N-linked glycosylation via asparagine,2,1,0.22,0.2111,0.807911765,,,,,,,,,,,,,,,,,,
114,GO:0006071,glycerol metabolic process,2,1,0.22,0.2111,0.807911765,,,,,,,,,,,,,,,,,,
115,GO:0009408,response to heat,2,1,0.22,0.2111,0.807911765,,,,,,,,,,,,,,,,,,
116,GO:0035065,regulation of histone acetylation,2,1,0.22,0.2111,0.807911765,,,,,,,,,,,,,,,,,,
117,GO:0006044,N-acetylglucosamine metabolic process,2,1,0.22,0.2111,0.807911765,,,,,,,,,,,,,,,,,,
118,GO:0051169,nuclear transport,21,3,2.35,0.2111,0.807911765,,,,,,,,,,,,,,,,,,
119,GO:0005975,carbohydrate metabolic process,112,21,12.52,0.2113,0.807911765,,,,,,,,,,,,,,,,,,
120,GO:0006289,nucleotide-excision repair,8,2,0.89,0.2224,0.843266667,,,,,,,,,,,,,,,,,,
121,GO:0006357,regulation of transcription by RNA polymerase II,65,10,7.26,0.2501,0.92014527,,,,,,,,,,,,,,,,,,
122,GO:0000413,protein peptidyl-prolyl isomerization,16,3,1.79,0.2622,0.92014527,,,,,,,,,,,,,,,,,,
123,GO:0051726,regulation of cell cycle,29,8,3.24,0.2628,0.92014527,,,,,,,,,,,,,,,,,,
124,GO:0043547,positive regulation of GTPase activity,9,2,1.01,0.2661,0.92014527,,,,,,,,,,,,,,,,,,
125,GO:0006488,dolichol-linked oligosaccharide biosynthetic process,9,2,1.01,0.2661,0.92014527,,,,,,,,,,,,,,,,,,
126,GO:0007166,cell surface receptor signaling pathway,71,10,7.94,0.2825,0.92014527,,,,,,,,,,,,,,,,,,
127,GO:0044237,cellular metabolic process,1916,279,214.14,0.2899,0.92014527,,,,,,,,,,,,,,,,,,
128,GO:0034470,ncRNA processing,85,18,9.5,0.2946,0.92014527,,,,,,,,,,,,,,,,,,
129,GO:0016072,rRNA metabolic process,30,9,3.35,0.2964,0.92014527,,,,,,,,,,,,,,,,,,
130,GO:0006165,nucleoside diphosphate phosphorylation,10,5,1.12,0.2974,0.92014527,,,,,,,,,,,,,,,,,,
131,GO:0035194,post-transcriptional gene silencing by RNA,7,2,0.78,0.299,0.92014527,,,,,,,,,,,,,,,,,,
132,GO:0035434,copper ion transmembrane transport,3,1,0.34,0.2993,0.92014527,,,,,,,,,,,,,,,,,,
133,GO:0018342,protein prenylation,3,1,0.34,0.2993,0.92014527,,,,,,,,,,,,,,,,,,
134,GO:0007160,cell-matrix adhesion,3,1,0.34,0.2993,0.92014527,,,,,,,,,,,,,,,,,,
135,GO:0006183,GTP biosynthetic process,3,1,0.34,0.2993,0.92014527,,,,,,,,,,,,,,,,,,
136,GO:0001558,regulation of cell growth,3,1,0.34,0.2993,0.92014527,,,,,,,,,,,,,,,,,,
137,GO:0007131,reciprocal meiotic recombination,3,1,0.34,0.2993,0.92014527,,,,,,,,,,,,,,,,,,
138,GO:0097428,protein maturation by iron-sulfur cluster transfer,3,1,0.34,0.2993,0.92014527,,,,,,,,,,,,,,,,,,
139,GO:0006228,UTP biosynthetic process,3,1,0.34,0.2993,0.92014527,,,,,,,,,,,,,,,,,,
140,GO:0036297,interstrand cross-link repair,3,1,0.34,0.2993,0.92014527,,,,,,,,,,,,,,,,,,
141,GO:0019915,lipid storage,3,1,0.34,0.2993,0.92014527,,,,,,,,,,,,,,,,,,
142,GO:0006241,CTP biosynthetic process,3,1,0.34,0.2993,0.92014527,,,,,,,,,,,,,,,,,,
143,GO:0042593,glucose homeostasis,3,1,0.34,0.2993,0.92014527,,,,,,,,,,,,,,,,,,
144,GO:0006303,double-strand break repair via nonhomologous end joining,3,1,0.34,0.2993,0.92014527,,,,,,,,,,,,,,,,,,
145,GO:0007094,mitotic spindle assembly checkpoint,3,1,0.34,0.2993,0.92014527,,,,,,,,,,,,,,,,,,
146,GO:0032324,molybdopterin cofactor biosynthetic process,3,1,0.34,0.2993,0.92014527,,,,,,,,,,,,,,,,,,
147,GO:0006474,N-terminal protein amino acid acetylation,3,1,0.34,0.2993,0.92014527,,,,,,,,,,,,,,,,,,
148,GO:0036066,protein O-linked fucosylation,3,1,0.34,0.2993,0.92014527,,,,,,,,,,,,,,,,,,
149,GO:0006869,lipid transport,33,6,3.69,0.3019,0.921909396,,,,,,,,,,,,,,,,,,
150,GO:0008654,phospholipid biosynthetic process,34,5,3.8,0.3523,1,,,,,,,,,,,,,,,,,,
151,GO:0070286,axonemal dynein complex assembly,11,2,1.23,0.3527,1,,,,,,,,,,,,,,,,,,
152,GO:0006338,chromatin remodeling,11,2,1.23,0.3527,1,,,,,,,,,,,,,,,,,,
153,GO:0018216,peptidyl-arginine methylation,11,2,1.23,0.3527,1,,,,,,,,,,,,,,,,,,
154,GO:0002098,tRNA wobble uridine modification,11,2,1.23,0.3527,1,,,,,,,,,,,,,,,,,,
155,GO:1901137,carbohydrate derivative biosynthetic process,97,16,10.84,0.3744,1,,,,,,,,,,,,,,,,,,
156,GO:0000070,mitotic sister chromatid segregation,13,4,1.45,0.3763,1,,,,,,,,,,,,,,,,,,
157,GO:0006402,mRNA catabolic process,22,4,2.46,0.377,1,,,,,,,,,,,,,,,,,,
158,GO:0043666,regulation of phosphoprotein phosphatase activity,4,1,0.45,0.3777,1,,,,,,,,,,,,,,,,,,
159,GO:0006269,"DNA replication, synthesis of RNA primer",4,1,0.45,0.3777,1,,,,,,,,,,,,,,,,,,
160,GO:0032543,mitochondrial translation,4,1,0.45,0.3777,1,,,,,,,,,,,,,,,,,,
161,GO:0006207,'de novo' pyrimidine nucleobase biosynthetic process,4,1,0.45,0.3777,1,,,,,,,,,,,,,,,,,,
162,GO:0006378,mRNA polyadenylation,4,1,0.45,0.3777,1,,,,,,,,,,,,,,,,,,
163,GO:0034227,tRNA thio-modification,4,1,0.45,0.3777,1,,,,,,,,,,,,,,,,,,
164,GO:0007099,centriole replication,4,1,0.45,0.3777,1,,,,,,,,,,,,,,,,,,
165,GO:0071985,multivesicular body sorting pathway,4,1,0.45,0.3777,1,,,,,,,,,,,,,,,,,,
166,GO:0007064,mitotic sister chromatid cohesion,4,1,0.45,0.3777,1,,,,,,,,,,,,,,,,,,
167,GO:0006486,protein glycosylation,39,9,4.36,0.3849,1,,,,,,,,,,,,,,,,,,
168,GO:0006749,glutathione metabolic process,17,4,1.9,0.3932,1,,,,,,,,,,,,,,,,,,
169,GO:0030431,sleep,12,2,1.34,0.3948,1,,,,,,,,,,,,,,,,,,
170,GO:0032222,"regulation of synaptic transmission, cholinergic",12,2,1.34,0.3948,1,,,,,,,,,,,,,,,,,,
171,GO:1903818,positive regulation of voltage-gated potassium channel activity,12,2,1.34,0.3948,1,,,,,,,,,,,,,,,,,,
172,GO:0006508,proteolysis,360,40,40.24,0.4108,1,,,,,,,,,,,,,,,,,,
173,GO:0006974,cellular response to DNA damage stimulus,85,28,9.5,0.4331,1,,,,,,,,,,,,,,,,,,
174,GO:0006302,double-strand break repair,15,5,1.68,0.4451,1,,,,,,,,,,,,,,,,,,
175,GO:0006368,transcription elongation from RNA polymerase II promoter,6,2,0.67,0.4466,1,,,,,,,,,,,,,,,,,,
176,GO:0009968,negative regulation of signal transduction,8,2,0.89,0.4468,1,,,,,,,,,,,,,,,,,,
177,GO:0016180,snRNA processing,10,2,1.12,0.4469,1,,,,,,,,,,,,,,,,,,
178,GO:0000077,DNA damage checkpoint,5,1,0.56,0.4473,1,,,,,,,,,,,,,,,,,,
179,GO:0034472,snRNA 3'-end processing,5,1,0.56,0.4473,1,,,,,,,,,,,,,,,,,,
180,GO:0032981,mitochondrial respiratory chain complex I assembly,5,1,0.56,0.4473,1,,,,,,,,,,,,,,,,,,
181,GO:0000122,negative regulation of transcription by RNA polymerase II,5,1,0.56,0.4473,1,,,,,,,,,,,,,,,,,,
182,GO:0017183,peptidyl-diphthamide biosynthetic process from peptidyl-histidine,5,1,0.56,0.4473,1,,,,,,,,,,,,,,,,,,
183,GO:0000381,"regulation of alternative mRNA splicing, via spliceosome",5,1,0.56,0.4473,1,,,,,,,,,,,,,,,,,,
184,GO:0006821,chloride transport,5,1,0.56,0.4473,1,,,,,,,,,,,,,,,,,,
185,GO:0006310,DNA recombination,25,6,2.79,0.4714,1,,,,,,,,,,,,,,,,,,
186,GO:0006979,response to oxidative stress,14,2,1.56,0.4748,1,,,,,,,,,,,,,,,,,,
187,GO:0043161,proteasome-mediated ubiquitin-dependent protein catabolic process,14,2,1.56,0.4748,1,,,,,,,,,,,,,,,,,,
188,GO:0050482,arachidonic acid secretion,6,1,0.67,0.5091,1,,,,,,,,,,,,,,,,,,
189,GO:0030150,protein import into mitochondrial matrix,6,1,0.67,0.5091,1,,,,,,,,,,,,,,,,,,
190,GO:0009452,7-methylguanosine RNA capping,6,1,0.67,0.5091,1,,,,,,,,,,,,,,,,,,
191,GO:0006400,tRNA modification,28,4,3.13,0.5117,1,,,,,,,,,,,,,,,,,,
192,GO:0015031,protein transport,101,12,11.29,0.5474,1,,,,,,,,,,,,,,,,,,
193,GO:0006886,intracellular protein transport,84,9,9.39,0.5529,1,,,,,,,,,,,,,,,,,,
194,GO:0006139,nucleobase-containing compound metabolic process,843,140,94.22,0.5609,1,,,,,,,,,,,,,,,,,,
195,GO:0042273,ribosomal large subunit biogenesis,7,1,0.78,0.5641,1,,,,,,,,,,,,,,,,,,
196,GO:0016226,iron-sulfur cluster assembly,7,1,0.78,0.5641,1,,,,,,,,,,,,,,,,,,
197,GO:0006633,fatty acid biosynthetic process,26,3,2.91,0.5685,1,,,,,,,,,,,,,,,,,,
198,GO:0006629,lipid metabolic process,233,25,26.04,0.6032,1,,,,,,,,,,,,,,,,,,
199,GO:0006383,transcription by RNA polymerase III,9,2,1.01,0.6121,1,,,,,,,,,,,,,,,,,,
200,GO:0006631,fatty acid metabolic process,34,4,3.8,0.6128,1,,,,,,,,,,,,,,,,,,
201,GO:0001682,tRNA 5'-leader removal,8,1,0.89,0.6129,1,,,,,,,,,,,,,,,,,,
202,GO:0006913,nucleocytoplasmic transport,19,2,2.12,0.6131,1,,,,,,,,,,,,,,,,,,
203,GO:0006506,GPI anchor biosynthetic process,19,2,2.12,0.6439,1,,,,,,,,,,,,,,,,,,
204,GO:0045892,"negative regulation of transcription, DNA-templated",15,3,1.68,0.6551,1,,,,,,,,,,,,,,,,,,
205,GO:0008272,sulfate transport,9,1,1.01,0.6562,1,,,,,,,,,,,,,,,,,,
206,GO:0016567,protein ubiquitination,32,4,3.58,0.6666,1,,,,,,,,,,,,,,,,,,
207,GO:0015986,ATP synthesis coupled proton transport,10,1,1.12,0.6947,1,,,,,,,,,,,,,,,,,,
208,GO:0006334,nucleosome assembly,10,1,1.12,0.6947,1,,,,,,,,,,,,,,,,,,
209,GO:0000398,"mRNA splicing, via spliceosome",61,9,6.82,0.7016,1,,,,,,,,,,,,,,,,,,
210,GO:0006413,translational initiation,14,4,1.56,0.7267,1,,,,,,,,,,,,,,,,,,
211,GO:0051604,protein maturation,17,3,1.9,0.7278,1,,,,,,,,,,,,,,,,,,
212,GO:0006644,phospholipid metabolic process,55,8,6.15,0.7575,1,,,,,,,,,,,,,,,,,,
213,GO:0006470,protein dephosphorylation,41,4,4.58,0.7832,1,,,,,,,,,,,,,,,,,,
214,GO:0006457,protein folding,36,3,4.02,0.7838,1,,,,,,,,,,,,,,,,,,
215,GO:0001522,pseudouridine synthesis,13,1,1.45,0.7863,1,,,,,,,,,,,,,,,,,,
216,GO:0006888,endoplasmic reticulum to Golgi vesicle-mediated transport,13,1,1.45,0.7863,1,,,,,,,,,,,,,,,,,,
217,GO:0006418,tRNA aminoacylation for protein translation,28,2,3.13,0.8372,1,,,,,,,,,,,,,,,,,,
218,GO:0060271,cilium assembly,30,4,3.35,0.8495,1,,,,,,,,,,,,,,,,,,
219,GO:0009190,cyclic nucleotide biosynthetic process,16,1,1.79,0.8504,1,,,,,,,,,,,,,,,,,,
220,GO:0006355,"regulation of transcription, DNA-templated",309,33,34.54,0.8673,1,,,,,,,,,,,,,,,,,,
221,GO:0006915,apoptotic process,28,2,3.13,0.8674,1,,,,,,,,,,,,,,,,,,
222,GO:0007015,actin filament organization,18,1,2.01,0.8821,1,,,,,,,,,,,,,,,,,,
223,GO:0006887,exocytosis,19,1,2.12,0.8954,1,,,,,,,,,,,,,,,,,,
224,GO:0007165,signal transduction,324,22,36.21,0.8997,1,,,,,,,,,,,,,,,,,,
225,GO:0006468,protein phosphorylation,265,22,29.62,0.9702,1,,,,,,,,,,,,,,,,,,
226,GO:0035556,intracellular signal transduction,71,3,7.94,0.9724,1,,,,,,,,,,,,,,,,,,
227,GO:0044255,cellular lipid metabolic process,157,17,17.55,0.9803,1,,,,,,,,,,,,,,,,,,
228,GO:0006511,ubiquitin-dependent protein catabolic process,49,4,5.48,0.9823,1,,,,,,,,,,,,,,,,,,
229,GO:0034220,ion transmembrane transport,102,5,11.4,0.9907,1,,,,,,,,,,,,,,,,,,
230,GO:0007018,microtubule-based movement,48,2,5.36,0.9915,1,,,,,,,,,,,,,,,,,,
231,GO:0016192,vesicle-mediated transport,113,6,12.63,0.9985,1,,,,,,,,,,,,,,,,,,
232,GO:0007186,G protein-coupled receptor signaling pathway,119,4,13.3,0.9996,1,,,,,,,,,,,,,,,,,,
233,GO:0055085,transmembrane transport,293,15,32.75,0.9997,1,,,,,,,,,,,,,,,,,,
234,GO:0007608,sensory perception of smell,295,2,32.97,1,1,,,,,,,,,,,,,,,,,,
235,GO:0120036,plasma membrane bounded cell projection organization,36,4,4.02,1,1,,,,,,,,,,,,,,,,,,
236,GO:0035082,axoneme assembly,13,2,1.45,1,1,,,,,,,,,,,,,,,,,,
237,GO:0043266,regulation of potassium ion transport,12,2,1.34,1,1,,,,,,,,,,,,,,,,,,
238,GO:0043268,positive regulation of potassium ion transport,12,2,1.34,1,1,,,,,,,,,,,,,,,,,,
239,GO:0010256,endomembrane system organization,13,2,1.45,1,1,,,,,,,,,,,,,,,,,,
240,GO:0043269,regulation of ion transport,12,2,1.34,1,1,,,,,,,,,,,,,,,,,,
241,GO:0007049,cell cycle,60,15,6.71,1,1,,,,,,,,,,,,,,,,,,
242,GO:0010257,NADH dehydrogenase complex assembly,5,1,0.56,1,1,,,,,,,,,,,,,,,,,,
243,GO:0032309,icosanoid secretion,6,1,0.67,1,1,,,,,,,,,,,,,,,,,,
244,GO:0071103,DNA conformation change,20,1,2.24,1,1,,,,,,,,,,,,,,,,,,
245,GO:0006839,mitochondrial transport,23,1,2.57,1,1,,,,,,,,,,,,,,,,,,
246,GO:2000765,regulation of cytoplasmic translation,5,1,0.56,1,1,,,,,,,,,,,,,,,,,,
247,GO:0071900,regulation of protein serine/threonine kinase activity,5,2,0.56,1,1,,,,,,,,,,,,,,,,,,
248,GO:0009161,ribonucleoside monophosphate metabolic process,4,1,0.45,1,1,,,,,,,,,,,,,,,,,,
249,GO:0009162,deoxyribonucleoside monophosphate metabolic process,1,1,0.11,1,1,,,,,,,,,,,,,,,,,,
250,GO:0044260,cellular macromolecule metabolic process,1306,199,145.97,1,1,,,,,,,,,,,,,,,,,,
251,GO:0009163,nucleoside biosynthetic process,6,1,0.67,1,1,,,,,,,,,,,,,,,,,,
252,GO:0044262,cellular carbohydrate metabolic process,20,5,2.24,1,1,,,,,,,,,,,,,,,,,,
253,GO:0009165,nucleotide biosynthetic process,49,6,5.48,1,1,,,,,,,,,,,,,,,,,,
254,GO:0044264,cellular polysaccharide metabolic process,6,3,0.67,1,1,,,,,,,,,,,,,,,,,,
255,GO:0009167,purine ribonucleoside monophosphate metabolic process,3,1,0.34,1,1,,,,,,,,,,,,,,,,,,
256,GO:0044265,cellular macromolecule catabolic process,91,8,10.17,1,1,,,,,,,,,,,,,,,,,,
257,GO:0009168,purine ribonucleoside monophosphate biosynthetic process,3,1,0.34,1,1,,,,,,,,,,,,,,,,,,
258,GO:0044267,cellular protein metabolic process,757,98,84.61,1,1,,,,,,,,,,,,,,,,,,
259,GO:0042278,purine nucleoside metabolic process,8,1,0.89,1,1,,,,,,,,,,,,,,,,,,
260,GO:0043280,positive regulation of cysteine-type endopeptidase activity involved in apoptotic process,1,1,0.11,1,1,,,,,,,,,,,,,,,,,,
261,GO:2000756,regulation of peptidyl-lysine acetylation,2,1,0.22,1,1,,,,,,,,,,,,,,,,,,
262,GO:0043281,regulation of cysteine-type endopeptidase activity involved in apoptotic process,2,1,0.22,1,1,,,,,,,,,,,,,,,,,,
263,GO:0031497,chromatin assembly,11,1,1.23,1,1,,,,,,,,,,,,,,,,,,
264,GO:0048646,anatomical structure formation involved in morphogenesis,1,1,0.11,1,1,,,,,,,,,,,,,,,,,,
265,GO:0009150,purine ribonucleotide metabolic process,36,7,4.02,1,1,,,,,,,,,,,,,,,,,,
266,GO:0009152,purine ribonucleotide biosynthetic process,27,3,3.02,1,1,,,,,,,,,,,,,,,,,,
267,GO:0009966,regulation of signal transduction,40,3,4.47,1,1,,,,,,,,,,,,,,,,,,
268,GO:0042221,response to chemical,34,2,3.8,1,1,,,,,,,,,,,,,,,,,,
269,GO:0008033,tRNA processing,45,7,5.03,1,1,,,,,,,,,,,,,,,,,,
270,GO:0009156,ribonucleoside monophosphate biosynthetic process,4,1,0.45,1,1,,,,,,,,,,,,,,,,,,
271,GO:0009157,deoxyribonucleoside monophosphate biosynthetic process,1,1,0.11,1,1,,,,,,,,,,,,,,,,,,
272,GO:0006401,RNA catabolic process,26,4,2.91,1,1,,,,,,,,,,,,,,,,,,
273,GO:0044257,cellular protein catabolic process,62,4,6.93,1,1,,,,,,,,,,,,,,,,,,
274,GO:0061727,methylglyoxal catabolic process to lactate,1,1,0.11,1,1,,,,,,,,,,,,,,,,,,
275,GO:0043270,positive regulation of ion transport,12,2,1.34,1,1,,,,,,,,,,,,,,,,,,
276,GO:0006403,RNA localization,9,1,1.01,1,1,,,,,,,,,,,,,,,,,,
277,GO:0006405,RNA export from nucleus,9,1,1.01,1,1,,,,,,,,,,,,,,,,,,
278,GO:0035825,homologous recombination,3,1,0.34,1,1,,,,,,,,,,,,,,,,,,
279,GO:0070189,kynurenine metabolic process,2,1,0.22,1,1,,,,,,,,,,,,,,,,,,
280,GO:0044281,small molecule metabolic process,234,30,26.15,1,1,,,,,,,,,,,,,,,,,,
281,GO:0034308,primary alcohol metabolic process,1,1,0.11,1,1,,,,,,,,,,,,,,,,,,
282,GO:0044282,small molecule catabolic process,23,3,2.57,1,1,,,,,,,,,,,,,,,,,,
283,GO:0097354,prenylation,3,1,0.34,1,1,,,,,,,,,,,,,,,,,,
284,GO:0009185,ribonucleoside diphosphate metabolic process,7,4,0.78,1,1,,,,,,,,,,,,,,,,,,
285,GO:0070585,protein localization to mitochondrion,9,1,1.01,1,1,,,,,,,,,,,,,,,,,,
286,GO:0015711,organic anion transport,24,1,2.68,1,1,,,,,,,,,,,,,,,,,,
287,GO:0044283,small molecule biosynthetic process,65,9,7.26,1,1,,,,,,,,,,,,,,,,,,
288,GO:0006807,nitrogen compound metabolic process,1942,279,217.05,1,1,,,,,,,,,,,,,,,,,,
289,GO:1901990,regulation of mitotic cell cycle phase transition,6,3,0.67,1,1,,,,,,,,,,,,,,,,,,
290,GO:0009187,cyclic nucleotide metabolic process,16,1,1.79,1,1,,,,,,,,,,,,,,,,,,
291,GO:1901991,negative regulation of mitotic cell cycle phase transition,3,1,0.34,1,1,,,,,,,,,,,,,,,,,,
292,GO:0051596,methylglyoxal catabolic process,1,1,0.11,1,1,,,,,,,,,,,,,,,,,,
293,GO:0010628,positive regulation of gene expression,11,1,1.23,1,1,,,,,,,,,,,,,,,,,,
294,GO:0042219,cellular modified amino acid catabolic process,5,2,0.56,1,1,,,,,,,,,,,,,,,,,,
295,GO:0010629,negative regulation of gene expression,50,12,5.59,1,1,,,,,,,,,,,,,,,,,,
296,GO:0015718,monocarboxylic acid transport,10,1,1.12,1,1,,,,,,,,,,,,,,,,,,
297,GO:0007005,mitochondrion organization,34,2,3.8,1,1,,,,,,,,,,,,,,,,,,
298,GO:0050877,nervous system process,362,2,40.46,1,1,,,,,,,,,,,,,,,,,,
299,GO:0044270,cellular nitrogen compound catabolic process,38,5,4.25,1,1,,,,,,,,,,,,,,,,,,
300,GO:0009987,cellular process,3061,373,342.12,1,1,,,,,,,,,,,,,,,,,,
301,GO:0044271,cellular nitrogen compound biosynthetic process,653,93,72.98,1,1,,,,,,,,,,,,,,,,,,
302,GO:0044272,sulfur compound biosynthetic process,10,1,1.12,1,1,,,,,,,,,,,,,,,,,,
303,GO:0044273,sulfur compound catabolic process,5,2,0.56,1,1,,,,,,,,,,,,,,,,,,
304,GO:0009176,pyrimidine deoxyribonucleoside monophosphate metabolic process,1,1,0.11,1,1,,,,,,,,,,,,,,,,,,
305,GO:0016310,phosphorylation,303,29,33.87,1,1,,,,,,,,,,,,,,,,,,
306,GO:0009177,pyrimidine deoxyribonucleoside monophosphate biosynthetic process,1,1,0.11,1,1,,,,,,,,,,,,,,,,,,
307,GO:0016311,dephosphorylation,55,4,6.15,1,1,,,,,,,,,,,,,,,,,,
308,GO:0043628,ncRNA 3'-end processing,5,1,0.56,1,1,,,,,,,,,,,,,,,,,,
309,GO:0000096,sulfur amino acid metabolic process,6,1,0.67,1,1,,,,,,,,,,,,,,,,,,
310,GO:0070972,protein localization to endoplasmic reticulum,8,2,0.89,1,1,,,,,,,,,,,,,,,,,,
311,GO:0009179,purine ribonucleoside diphosphate metabolic process,7,4,0.78,1,1,,,,,,,,,,,,,,,,,,
312,GO:0000491,small nucleolar ribonucleoprotein complex assembly,2,1,0.22,1,1,,,,,,,,,,,,,,,,,,
313,GO:0000097,sulfur amino acid biosynthetic process,5,1,0.56,1,1,,,,,,,,,,,,,,,,,,
314,GO:0046390,ribose phosphate biosynthetic process,27,3,3.02,1,1,,,,,,,,,,,,,,,,,,
315,GO:0046394,carboxylic acid biosynthetic process,42,7,4.69,1,1,,,,,,,,,,,,,,,,,,
316,GO:0055114,oxidation-reduction process,50,4,5.59,1,1,,,,,,,,,,,,,,,,,,
317,GO:0046395,carboxylic acid catabolic process,13,1,1.45,1,1,,,,,,,,,,,,,,,,,,
318,GO:0005996,monosaccharide metabolic process,11,1,1.23,1,1,,,,,,,,,,,,,,,,,,
319,GO:0098754,detoxification,3,1,0.34,1,1,,,,,,,,,,,,,,,,,,
320,GO:0009123,nucleoside monophosphate metabolic process,5,2,0.56,1,1,,,,,,,,,,,,,,,,,,
321,GO:0009124,nucleoside monophosphate biosynthetic process,5,2,0.56,1,1,,,,,,,,,,,,,,,,,,
322,GO:0080090,regulation of primary metabolic process,357,42,39.9,1,1,,,,,,,,,,,,,,,,,,
323,GO:0031056,regulation of histone modification,2,1,0.22,1,1,,,,,,,,,,,,,,,,,,
324,GO:0009126,purine nucleoside monophosphate metabolic process,3,1,0.34,1,1,,,,,,,,,,,,,,,,,,
325,GO:0009127,purine nucleoside monophosphate biosynthetic process,3,1,0.34,1,1,,,,,,,,,,,,,,,,,,
326,GO:0010646,regulation of cell communication,53,5,5.92,1,1,,,,,,,,,,,,,,,,,,
327,GO:0009129,pyrimidine nucleoside monophosphate metabolic process,1,1,0.11,1,1,,,,,,,,,,,,,,,,,,
328,GO:0010648,negative regulation of cell communication,8,2,0.89,1,1,,,,,,,,,,,,,,,,,,
329,GO:0070925,organelle assembly,46,5,5.14,1,1,,,,,,,,,,,,,,,,,,
330,GO:0035437,maintenance of protein localization in endoplasmic reticulum,1,1,0.11,1,1,,,,,,,,,,,,,,,,,,
331,GO:0032465,regulation of cytokinesis,2,1,0.22,1,1,,,,,,,,,,,,,,,,,,
332,GO:0009112,nucleobase metabolic process,11,3,1.23,1,1,,,,,,,,,,,,,,,,,,
333,GO:1901564,organonitrogen compound metabolic process,1210,155,135.24,1,1,,,,,,,,,,,,,,,,,,
334,GO:0051168,nuclear export,11,1,1.23,1,1,,,,,,,,,,,,,,,,,,
335,GO:1901565,organonitrogen compound catabolic process,98,8,10.95,1,1,,,,,,,,,,,,,,,,,,
336,GO:0009116,nucleoside metabolic process,12,1,1.34,1,1,,,,,,,,,,,,,,,,,,
337,GO:1901566,organonitrogen compound biosynthetic process,326,52,36.44,1,1,,,,,,,,,,,,,,,,,,
338,GO:2001056,positive regulation of cysteine-type endopeptidase activity,1,1,0.11,1,1,,,,,,,,,,,,,,,,,,
339,GO:0009117,nucleotide metabolic process,59,10,6.59,1,1,,,,,,,,,,,,,,,,,,
340,GO:0071265,L-methionine biosynthetic process,2,1,0.22,1,1,,,,,,,,,,,,,,,,,,
341,GO:0009119,ribonucleoside metabolic process,8,1,0.89,1,1,,,,,,,,,,,,,,,,,,
342,GO:0071267,L-methionine salvage,2,1,0.22,1,1,,,,,,,,,,,,,,,,,,
343,GO:0006996,organelle organization,234,29,26.15,1,1,,,,,,,,,,,,,,,,,,
344,GO:0010639,negative regulation of organelle organization,10,1,1.12,1,1,,,,,,,,,,,,,,,,,,
345,GO:0098771,inorganic ion homeostasis,14,2,1.56,1,1,,,,,,,,,,,,,,,,,,
346,GO:0043631,RNA polyadenylation,5,1,0.56,1,1,,,,,,,,,,,,,,,,,,
347,GO:0009141,nucleoside triphosphate metabolic process,14,2,1.56,1,1,,,,,,,,,,,,,,,,,,
348,GO:0043632,modification-dependent macromolecule catabolic process,49,4,5.48,1,1,,,,,,,,,,,,,,,,,,
349,GO:0009142,nucleoside triphosphate biosynthetic process,13,2,1.45,1,1,,,,,,,,,,,,,,,,,,
350,GO:0009144,purine nucleoside triphosphate metabolic process,13,2,1.45,1,1,,,,,,,,,,,,,,,,,,
351,GO:0009145,purine nucleoside triphosphate biosynthetic process,13,2,1.45,1,1,,,,,,,,,,,,,,,,,,
352,GO:0009147,pyrimidine nucleoside triphosphate metabolic process,3,1,0.34,1,1,,,,,,,,,,,,,,,,,,
353,GO:0009148,pyrimidine nucleoside triphosphate biosynthetic process,3,1,0.34,1,1,,,,,,,,,,,,,,,,,,
354,GO:0044248,cellular catabolic process,142,14,15.87,1,1,,,,,,,,,,,,,,,,,,
355,GO:0044249,cellular biosynthetic process,874,132,97.68,1,1,,,,,,,,,,,,,,,,,,
356,GO:0009130,pyrimidine nucleoside monophosphate biosynthetic process,1,1,0.11,1,1,,,,,,,,,,,,,,,,,,
357,GO:0031023,microtubule organizing center organization,5,1,0.56,1,1,,,,,,,,,,,,,,,,,,
358,GO:0009132,nucleoside diphosphate metabolic process,11,5,1.23,1,1,,,,,,,,,,,,,,,,,,
359,GO:0051189,prosthetic group metabolic process,5,1,0.56,1,1,,,,,,,,,,,,,,,,,,
360,GO:0009135,purine nucleoside diphosphate metabolic process,7,4,0.78,1,1,,,,,,,,,,,,,,,,,,
361,GO:0000054,ribosomal subunit export from nucleus,2,1,0.22,1,1,,,,,,,,,,,,,,,,,,
362,GO:0032886,regulation of microtubule-based process,4,1,0.45,1,1,,,,,,,,,,,,,,,,,,
363,GO:1901983,regulation of protein acetylation,2,1,0.22,1,1,,,,,,,,,,,,,,,,,,
364,GO:0044238,primary metabolic process,2203,311,246.22,1,1,,,,,,,,,,,,,,,,,,
365,GO:0051983,regulation of chromosome segregation,4,1,0.45,1,1,,,,,,,,,,,,,,,,,,
366,GO:0006163,purine nucleotide metabolic process,39,7,4.36,1,1,,,,,,,,,,,,,,,,,,
367,GO:0006164,purine nucleotide biosynthetic process,29,3,3.24,1,1,,,,,,,,,,,,,,,,,,
368,GO:0051985,negative regulation of chromosome segregation,3,1,0.34,1,1,,,,,,,,,,,,,,,,,,
369,GO:0030301,cholesterol transport,1,1,0.11,1,1,,,,,,,,,,,,,,,,,,
370,GO:1901987,regulation of cell cycle phase transition,7,3,0.78,1,1,,,,,,,,,,,,,,,,,,
371,GO:0051171,regulation of nitrogen compound metabolic process,357,42,39.9,1,1,,,,,,,,,,,,,,,,,,
372,GO:1901988,negative regulation of cell cycle phase transition,3,1,0.34,1,1,,,,,,,,,,,,,,,,,,
373,GO:0051172,negative regulation of nitrogen compound metabolic process,24,5,2.68,1,1,,,,,,,,,,,,,,,,,,
374,GO:0051173,positive regulation of nitrogen compound metabolic process,18,2,2.01,1,1,,,,,,,,,,,,,,,,,,
375,GO:0051174,regulation of phosphorus metabolic process,19,3,2.12,1,1,,,,,,,,,,,,,,,,,,
376,GO:0045786,negative regulation of cell cycle,11,2,1.23,1,1,,,,,,,,,,,,,,,,,,
377,GO:1901571,fatty acid derivative transport,6,1,0.67,1,1,,,,,,,,,,,,,,,,,,
378,GO:0051179,localization,633,47,70.75,1,1,,,,,,,,,,,,,,,,,,
379,GO:1901575,organic substance catabolic process,150,18,16.76,1,1,,,,,,,,,,,,,,,,,,
380,GO:0072655,establishment of protein localization to mitochondrion,9,1,1.01,1,1,,,,,,,,,,,,,,,,,,
381,GO:0010604,positive regulation of macromolecule metabolic process,19,2,2.12,1,1,,,,,,,,,,,,,,,,,,
382,GO:1901576,organic substance biosynthetic process,886,134,99.02,1,1,,,,,,,,,,,,,,,,,,
383,GO:0006568,tryptophan metabolic process,3,1,0.34,1,1,,,,,,,,,,,,,,,,,,
384,GO:0010605,negative regulation of macromolecule metabolic process,53,12,5.92,1,1,,,,,,,,,,,,,,,,,,
385,GO:0006569,tryptophan catabolic process,3,1,0.34,1,1,,,,,,,,,,,,,,,,,,
386,GO:0072657,protein localization to membrane,13,2,1.45,1,1,,,,,,,,,,,,,,,,,,
387,GO:0000086,G2/M transition of mitotic cell cycle,1,1,0.11,1,1,,,,,,,,,,,,,,,,,,
388,GO:1903963,arachidonate transport,6,1,0.67,1,1,,,,,,,,,,,,,,,,,,
389,GO:0072659,protein localization to plasma membrane,1,1,0.11,1,1,,,,,,,,,,,,,,,,,,
390,GO:0010608,posttranscriptional regulation of gene expression,23,6,2.57,1,1,,,,,,,,,,,,,,,,,,
391,GO:0019856,pyrimidine nucleobase biosynthetic process,4,1,0.45,1,1,,,,,,,,,,,,,,,,,,
392,GO:0032879,regulation of localization,19,2,2.12,1,1,,,,,,,,,,,,,,,,,,
393,GO:0050000,chromosome localization,1,1,0.11,1,1,,,,,,,,,,,,,,,,,,
394,GO:0046385,deoxyribose phosphate biosynthetic process,2,1,0.22,1,1,,,,,,,,,,,,,,,,,,
395,GO:0003008,system process,363,2,40.57,1,1,,,,,,,,,,,,,,,,,,
396,GO:0007163,establishment or maintenance of cell polarity,5,1,0.56,1,1,,,,,,,,,,,,,,,,,,
397,GO:0006555,methionine metabolic process,5,1,0.56,1,1,,,,,,,,,,,,,,,,,,
398,GO:0043603,cellular amide metabolic process,219,38,24.48,1,1,,,,,,,,,,,,,,,,,,
399,GO:0051128,regulation of cellular component organization,27,6,3.02,1,1,,,,,,,,,,,,,,,,,,
400,GO:0006950,response to stress,115,31,12.85,1,1,,,,,,,,,,,,,,,,,,
401,GO:0043604,amide biosynthetic process,190,34,21.24,1,1,,,,,,,,,,,,,,,,,,
402,GO:0051129,negative regulation of cellular component organization,10,1,1.12,1,1,,,,,,,,,,,,,,,,,,
403,GO:0031047,gene silencing by RNA,8,2,0.89,1,1,,,,,,,,,,,,,,,,,,
404,GO:0046785,microtubule polymerization,7,2,0.78,1,1,,,,,,,,,,,,,,,,,,
405,GO:0007167,enzyme linked receptor protein signaling pathway,7,1,0.78,1,1,,,,,,,,,,,,,,,,,,
406,GO:0000075,cell cycle checkpoint,9,2,1.01,1,1,,,,,,,,,,,,,,,,,,
407,GO:0007169,transmembrane receptor protein tyrosine kinase signaling pathway,3,1,0.34,1,1,,,,,,,,,,,,,,,,,,
408,GO:0050801,ion homeostasis,14,2,1.56,1,1,,,,,,,,,,,,,,,,,,
409,GO:0032411,positive regulation of transporter activity,12,2,1.34,1,1,,,,,,,,,,,,,,,,,,
410,GO:0050804,modulation of chemical synaptic transmission,13,2,1.45,1,1,,,,,,,,,,,,,,,,,,
411,GO:0032412,regulation of ion transmembrane transporter activity,12,2,1.34,1,1,,,,,,,,,,,,,,,,,,
412,GO:0098732,macromolecule deacylation,6,1,0.67,1,1,,,,,,,,,,,,,,,,,,
413,GO:0032414,positive regulation of ion transmembrane transporter activity,12,2,1.34,1,1,,,,,,,,,,,,,,,,,,
414,GO:0009100,glycoprotein metabolic process,42,9,4.69,1,1,,,,,,,,,,,,,,,,,,
415,GO:0006188,IMP biosynthetic process,2,1,0.22,1,1,,,,,,,,,,,,,,,,,,
416,GO:0009101,glycoprotein biosynthetic process,41,9,4.58,1,1,,,,,,,,,,,,,,,,,,
417,GO:0005976,polysaccharide metabolic process,6,3,0.67,1,1,,,,,,,,,,,,,,,,,,
418,GO:0098734,macromolecule depalmitoylation,1,1,0.11,1,1,,,,,,,,,,,,,,,,,,
419,GO:0005977,glycogen metabolic process,6,3,0.67,1,1,,,,,,,,,,,,,,,,,,
420,GO:0042398,cellular modified amino acid biosynthetic process,4,1,0.45,1,1,,,,,,,,,,,,,,,,,,
421,GO:0007154,cell communication,346,24,38.67,1,1,,,,,,,,,,,,,,,,,,
422,GO:0006586,indolalkylamine metabolic process,3,1,0.34,1,1,,,,,,,,,,,,,,,,,,
423,GO:0007155,cell adhesion,32,1,3.58,1,1,,,,,,,,,,,,,,,,,,
424,GO:0010390,histone monoubiquitination,2,1,0.22,1,1,,,,,,,,,,,,,,,,,,
425,GO:0070507,regulation of microtubule cytoskeleton organization,3,1,0.34,1,1,,,,,,,,,,,,,,,,,,
426,GO:0035195,gene silencing by miRNA,4,1,0.45,1,1,,,,,,,,,,,,,,,,,,
427,GO:0034471,ncRNA 5'-end processing,8,1,0.89,1,1,,,,,,,,,,,,,,,,,,
428,GO:0032048,cardiolipin metabolic process,2,1,0.22,1,1,,,,,,,,,,,,,,,,,,
429,GO:1990778,protein localization to cell periphery,1,1,0.11,1,1,,,,,,,,,,,,,,,,,,
430,GO:0032446,protein modification by small protein conjugation,34,4,3.8,1,1,,,,,,,,,,,,,,,,,,
431,GO:0006575,cellular modified amino acid metabolic process,21,5,2.35,1,1,,,,,,,,,,,,,,,,,,
432,GO:0006576,cellular biogenic amine metabolic process,4,1,0.45,1,1,,,,,,,,,,,,,,,,,,
433,GO:1902115,regulation of organelle assembly,3,1,0.34,1,1,,,,,,,,,,,,,,,,,,
434,GO:0008150,biological_process,4071,455,455,1,1,,,,,,,,,,,,,,,,,,
435,GO:0008152,metabolic process,2424,350,270.92,1,1,,,,,,,,,,,,,,,,,,
436,GO:0006520,cellular amino acid metabolic process,67,7,7.49,1,1,,,,,,,,,,,,,,,,,,
437,GO:1901135,carbohydrate derivative metabolic process,128,21,14.31,1,1,,,,,,,,,,,,,,,,,,
438,GO:0033043,regulation of organelle organization,24,5,2.68,1,1,,,,,,,,,,,,,,,,,,
439,GO:0033044,regulation of chromosome organization,7,2,0.78,1,1,,,,,,,,,,,,,,,,,,
440,GO:0000041,transition metal ion transport,11,4,1.23,1,1,,,,,,,,,,,,,,,,,,
441,GO:0033045,regulation of sister chromatid segregation,4,1,0.45,1,1,,,,,,,,,,,,,,,,,,
442,GO:0033046,negative regulation of sister chromatid segregation,3,1,0.34,1,1,,,,,,,,,,,,,,,,,,
443,GO:0033047,regulation of mitotic sister chromatid segregation,4,1,0.45,1,1,,,,,,,,,,,,,,,,,,
444,GO:0033048,negative regulation of mitotic sister chromatid segregation,3,1,0.34,1,1,,,,,,,,,,,,,,,,,,
445,GO:0006528,asparagine metabolic process,2,2,0.22,1,1,,,,,,,,,,,,,,,,,,
446,GO:0000819,sister chromatid segregation,13,4,1.45,1,1,,,,,,,,,,,,,,,,,,
447,GO:0006112,energy reserve metabolic process,6,3,0.67,1,1,,,,,,,,,,,,,,,,,,
448,GO:0006928,movement of cell or subcellular component,55,2,6.15,1,1,,,,,,,,,,,,,,,,,,
449,GO:0052547,regulation of peptidase activity,2,1,0.22,1,1,,,,,,,,,,,,,,,,,,
450,GO:0006513,protein monoubiquitination,2,1,0.22,1,1,,,,,,,,,,,,,,,,,,
451,GO:0052548,regulation of endopeptidase activity,2,1,0.22,1,1,,,,,,,,,,,,,,,,,,
452,GO:0033036,macromolecule localization,148,20,16.54,1,1,,,,,,,,,,,,,,,,,,
453,GO:0006518,peptide metabolic process,206,35,23.02,1,1,,,,,,,,,,,,,,,,,,
454,GO:0007127,meiosis I,3,1,0.34,1,1,,,,,,,,,,,,,,,,,,
455,GO:0006914,autophagy,19,1,2.12,1,1,,,,,,,,,,,,,,,,,,
,,,,,,,,,,,,,,,,,,,,,,,,,
,,,,,,,,,,,,,,,,,,,,,,,,,
,,,,,,,,,,,,,,,,,,,,,,,,,
,,,,,,,,,,,,,,,,,,,,,,,,,
,,,,,,,,,,,,,,,,,,,,,,,,,
,,,,,,,,,,,,,,,,,,,,,,,,,
,,,,,,,,,,,,,,,,,,,,,,,,,
,,,,,,,,,,,,,,,,,,,,,,,,,
,,,,,,,,,,,,,,,,,,,,,,,,,
,,,,,,,,,,,,,,,,,,,,,,,,,
,,,,,,,,,,,,,,,,,,,,,,,,,
,,,,,,,,,,,,,,,,,,,,,,,,,
,,,,,,,,,,,,,,,,,,,,,,,,,
,,,,,,,,,,,,,,,,,,,,,,,,,
,,,,,,,,,,,,,,,,,,,,,,,,,
,,,,,,,,,,,,,,,,,,,,,,,,,
,,,,,,,,,,,,,,,,,,,,,,,,,
,,,,,,,,,,,,,,,,,,,,,,,,,
,,,,,,,,,,,,,,,,,,,,,,,,,
,,,,,,,,,,,,,,,,,,,,,,,,,
,,,,,,,,,,,,,,,,,,,,,,,,,
,,,,,,,,,,,,,,,,,,,,,,,,,
,,,,,,,,,,,,,,,,,,,,,,,,,
,,,,,,,,,,,,,,,,,,,,,,,,,
,,,,,,,,,,,,,,,,,,,,,,,,,
,,,,,,,,,,,,,,,,,,,,,,,,,
,,,,,,,,,,,,,,,,,,,,,,,,,
,,,,,,,,,,,,,,,,,,,,,,,,,
,,,,,,,,,,,,,,,,,,,,,,,,,
,,,,,,,,,,,,,,,,,,,,,,,,,
,,,,,,,,,,,,,,,,,,,,,,,,,
,,,,,,,,,,,,,,,,,,,,,,,,,
,,,,,,,,,,,,,,,,,,,,,,,,,
,,,,,,,,,,,,,,,,,,,,,,,,,
,,,,,,,,,,,,,,,,,,,,,,,,,
,,,,,,,,,,,,,,,,,,,,,,,,,
,,,,,,,,,,,,,,,,,,,,,,,,,
,,,,,,,,,,,,,,,,,,,,,,,,,
,,,,,,,,,,,,,,,,,,,,,,,,,
,,,,,,,,,,,,,,,,,,,,,,,,,
,,,,,,,,,,,,,,,,,,,,,,,,,
,,,,,,,,,,,,,,,,,,,,,,,,,
,,,,,,,,,,,,,,,,,,,,,,,,,
,,,,,,,,,,,,,,,,,,,,,,,,,
,,,,,,,,,,,,,,,,,,,,,,,,,
,,,,,,,,,,,,,,,,,,,,,,,,,
,,,,,,,,,,,,,,,,,,,,,,,,,
,,,,,,,,,,,,,,,,,,,,,,,,,
,,,,,,,,,,,,,,,,,,,,,,,,,
,,,,,,,,,,,,,,,,,,,,,,,,,
,,,,,,,,,,,,,,,,,,,,,,,,,
,,,,,,,,,,,,,,,,,,,,,,,,,
,,,,,,,,,,,,,,,,,,,,,,,,,
,,,,,,,,,,,,,,,,,,,,,,,,,
,,,,,,,,,,,,,,,,,,,,,,,,,
,,,,,,,,,,,,,,,,,,,,,,,,,
,,,,,,,,,,,,,,,,,,,,,,,,,
,,,,,,,,,,,,,,,,,,,,,,,,,
,,,,,,,,,,,,,,,,,,,,,,,,,
,,,,,,,,,,,,,,,,,,,,,,,,,
,,,,,,,,,,,,,,,,,,,,,,,,,
,,,,,,,,,,,,,,,,,,,,,,,,,
,,,,,,,,,,,,,,,,,,,,,,,,,
,,,,,,,,,,,,,,,,,,,,,,,,,
,,,,,,,,,,,,,,,,,,,,,,,,,
,,,,,,,,,,,,,,,,,,,,,,,,,
,,,,,,,,,,,,,,,,,,,,,,,,,
,,,,,,,,,,,,,,,,,,,,,,,,,
,,,,,,,,,,,,,,,,,,,,,,,,,
,,,,,,,,,,,,,,,,,,,,,,,,,
,,,,,,,,,,,,,,,,,,,,,,,,,
,,,,,,,,,,,,,,,,,,,,,,,,,
,,,,,,,,,,,,,,,,,,,,,,,,,
,,,,,,,,,,,,,,,,,,,,,,,,,
,,,,,,,,,,,,,,,,,,,,,,,,,
,,,,,,,,,,,,,,,,,,,,,,,,,
,,,,,,,,,,,,,,,,,,,,,,,,,
,,,,,,,,,,,,,,,,,,,,,,,,,
,,,,,,,,,,,,,,,,,,,,,,,,,
,,,,,,,,,,,,,,,,,,,,,,,,,
,,,,,,,,,,,,,,,,,,,,,,,,,
,,,,,,,,,,,,,,,,,,,,,,,,,
,,,,,,,,,,,,,,,,,,,,,,,,,
,,,,,,,,,,,,,,,,,,,,,,,,,
,,,,,,,,,,,,,,,,,,,,,,,,,
,,,,,,,,,,,,,,,,,,,,,,,,,
,,,,,,,,,,,,,,,,,,,,,,,,,
,,,,,,,,,,,,,,,,,,,,,,,,,
,,,,,,,,,,,,,,,,,,,,,,,,,
,,,,,,,,,,,,,,,,,,,,,,,,,
,,,,,,,,,,,,,,,,,,,,,,,,,
,,,,,,,,,,,,,,,,,,,,,,,,,
,,,,,,,,,,,,,,,,,,,,,,,,,
,,,,,,,,,,,,,,,,,,,,,,,,,
,,,,,,,,,,,,,,,,,,,,,,,,,
,,,,,,,,,,,,,,,,,,,,,,,,,
,,,,,,,,,,,,,,,,,,,,,,,,,
,,,,,,,,,,,,,,,,,,,,,,,,,
,,,,,,,,,,,,,,,,,,,,,,,,,
,,,,,,,,,,,,,,,,,,,,,,,,,
,,,,,,,,,,,,,,,,,,,,,,,,,
,,,,,,,,,,,,,,,,,,,,,,,,,
,,,,,,,,,,,,,,,,,,,,,,,,,
,,,,,,,,,,,,,,,,,,,,,,,,,
,,,,,,,,,,,,,,,,,,,,,,,,,
,,,,,,,,,,,,,,,,,,,,,,,,,
,,,,,,,,,,,,,,,,,,,,,,,,,
,,,,,,,,,,,,,,,,,,,,,,,,,
,,,,,,,,,,,,,,,,,,,,,,,,,
,,,,,,,,,,,,,,,,,,,,,,,,,
,,,,,,,,,,,,,,,,,,,,,,,,,
,,,,,,,,,,,,,,,,,,,,,,,,,
,,,,,,,,,,,,,,,,,,,,,,,,,
,,,,,,,,,,,,,,,,,,,,,,,,,
,,,,,,,,,,,,,,,,,,,,,,,,,
,,,,,,,,,,,,,,,,,,,,,,,,,
,,,,,,,,,,,,,,,,,,,,,,,,,
,,,,,,,,,,,,,,,,,,,,,,,,,
,,,,,,,,,,,,,,,,,,,,,,,,,
,,,,,,,,,,,,,,,,,,,,,,,,,
,,,,,,,,,,,,,,,,,,,,,,,,,
,,,,,,,,,,,,,,,,,,,,,,,,,
,,,,,,,,,,,,,,,,,,,,,,,,,
,,,,,,,,,,,,,,,,,,,,,,,,,
,,,,,,,,,,,,,,,,,,,,,,,,,
,,,,,,,,,,,,,,,,,,,,,,,,,
,,,,,,,,,,,,,,,,,,,,,,,,,
,,,,,,,,,,,,,,,,,,,,,,,,,
,,,,,,,,,,,,,,,,,,,,,,,,,
,,,,,,,,,,,,,,,,,,,,,,,,,
,,,,,,,,,,,,,,,,,,,,,,,,,
,,,,,,,,,,,,,,,,,,,,,,,,,
,,,,,,,,,,,,,,,,,,,,,,,,,
,,,,,,,,,,,,,,,,,,,,,,,,,
,,,,,,,,,,,,,,,,,,,,,,,,,
,,,,,,,,,,,,,,,,,,,,,,,,,
,,,,,,,,,,,,,,,,,,,,,,,,,
,,,,,,,,,,,,,,,,,,,,,,,,,
,,,,,,,,,,,,,,,,,,,,,,,,,
,,,,,,,,,,,,,,,,,,,,,,,,,
,,,,,,,,,,,,,,,,,,,,,,,,,
,,,,,,,,,,,,,,,,,,,,,,,,,
,,,,,,,,,,,,,,,,,,,,,,,,,
,,,,,,,,,,,,,,,,,,,,,,,,,
,,,,,,,,,,,,,,,,,,,,,,,,,
,,,,,,,,,,,,,,,,,,,,,,,,,
,,,,,,,,,,,,,,,,,,,,,,,,,
,,,,,,,,,,,,,,,,,,,,,,,,,
,,,,,,,,,,,,,,,,,,,,,,,,,
,,,,,,,,,,,,,,,,,,,,,,,,,
,,,,,,,,,,,,,,,,,,,,,,,,,
,,,,,,,,,,,,,,,,,,,,,,,,,
,,,,,,,,,,,,,,,,,,,,,,,,,
,,,,,,,,,,,,,,,,,,,,,,,,,
,,,,,,,,,,,,,,,,,,,,,,,,,
,,,,,,,,,,,,,,,,,,,,,,,,,
,,,,,,,,,,,,,,,,,,,,,,,,,
,,,,,,,,,,,,,,,,,,,,,,,,,
,,,,,,,,,,,,,,,,,,,,,,,,,
,,,,,,,,,,,,,,,,,,,,,,,,,
,,,,,,,,,,,,,,,,,,,,,,,,,
,,,,,,,,,,,,,,,,,,,,,,,,,
,,,,,,,,,,,,,,,,,,,,,,,,,
,,,,,,,,,,,,,,,,,,,,,,,,,
,,,,,,,,,,,,,,,,,,,,,,,,,
,,,,,,,,,,,,,,,,,,,,,,,,,
,,,,,,,,,,,,,,,,,,,,,,,,,
,,,,,,,,,,,,,,,,,,,,,,,,,
,,,,,,,,,,,,,,,,,,,,,,,,,
,,,,,,,,,,,,,,,,,,,,,,,,,
,,,,,,,,,,,,,,,,,,,,,,,,,
,,,,,,,,,,,,,,,,,,,,,,,,,
,,,,,,,,,,,,,,,,,,,,,,,,,
,,,,,,,,,,,,,,,,,,,,,,,,,
,,,,,,,,,,,,,,,,,,,,,,,,,
,,,,,,,,,,,,,,,,,,,,,,,,,
,,,,,,,,,,,,,,,,,,,,,,,,,
,,,,,,,,,,,,,,,,,,,,,,,,,
,,,,,,,,,,,,,,,,,,,,,,,,,
,,,,,,,,,,,,,,,,,,,,,,,,,
,,,,,,,,,,,,,,,,,,,,,,,,,
,,,,,,,,,,,,,,,,,,,,,,,,,
,,,,,,,,,,,,,,,,,,,,,,,,,
,,,,,,,,,,,,,,,,,,,,,,,,,
,,,,,,,,,,,,,,,,,,,,,,,,,
,,,,,,,,,,,,,,,,,,,,,,,,,
,,,,,,,,,,,,,,,,,,,,,,,,,
,,,,,,,,,,,,,,,,,,,,,,,,,
,,,,,,,,,,,,,,,,,,,,,,,,,
,,,,,,,,,,,,,,,,,,,,,,,,,
,,,,,,,,,,,,,,,,,,,,,,,,,
,,,,,,,,,,,,,,,,,,,,,,,,,
,,,,,,,,,,,,,,,,,,,,,,,,,
,,,,,,,,,,,,,,,,,,,,,,,,,
,,,,,,,,,,,,,,,,,,,,,,,,,
,,,,,,,,,,,,,,,,,,,,,,,,,
,,,,,,,,,,,,,,,,,,,,,,,,,
,,,,,,,,,,,,,,,,,,,,,,,,,
,,,,,,,,,,,,,,,,,,,,,,,,,
,,,,,,,,,,,,,,,,,,,,,,,,,
,,,,,,,,,,,,,,,,,,,,,,,,,
,,,,,,,,,,,,,,,,,,,,,,,,,
,,,,,,,,,,,,,,,,,,,,,,,,,
,,,,,,,,,,,,,,,,,,,,,,,,,
,,,,,,,,,,,,,,,,,,,,,,,,,
,,,,,,,,,,,,,,,,,,,,,,,,,
,,,,,,,,,,,,,,,,,,,,,,,,,
,,,,,,,,,,,,,,,,,,,,,,,,,
,,,,,,,,,,,,,,,,,,,,,,,,,
,,,,,,,,,,,,,,,,,,,,,,,,,
,,,,,,,,,,,,,,,,,,,,,,,,,
,,,,,,,,,,,,,,,,,,,,,,,,,
,,,,,,,,,,,,,,,,,,,,,,,,,
,,,,,,,,,,,,,,,,,,,,,,,,,
,,,,,,,,,,,,,,,,,,,,,,,,,
,,,,,,,,,,,,,,,,,,,,,,,,,
,,,,,,,,,,,,,,,,,,,,,,,,,
,,,,,,,,,,,,,,,,,,,,,,,,,
,,,,,,,,,,,,,,,,,,,,,,,,,
,,,,,,,,,,,,,,,,,,,,,,,,,
,,,,,,,,,,,,,,,,,,,,,,,,,
,,,,,,,,,,,,,,,,,,,,,,,,,
,,,,,,,,,,,,,,,,,,,,,,,,,
,,,,,,,,,,,,,,,,,,,,,,,,,
,,,,,,,,,,,,,,,,,,,,,,,,,
,,,,,,,,,,,,,,,,,,,,,,,,,
,,,,,,,,,,,,,,,,,,,,,,,,,
,,,,,,,,,,,,,,,,,,,,,,,,,
,,,,,,,,,,,,,,,,,,,,,,,,,
,,,,,,,,,,,,,,,,,,,,,,,,,
,,,,,,,,,,,,,,,,,,,,,,,,,
,,,,,,,,,,,,,,,,,,,,,,,,,
,,,,,,,,,,,,,,,,,,,,,,,,,
,,,,,,,,,,,,,,,,,,,,,,,,,
,,,,,,,,,,,,,,,,,,,,,,,,,
,,,,,,,,,,,,,,,,,,,,,,,,,
,,,,,,,,,,,,,,,,,,,,,,,,,
,,,,,,,,,,,,,,,,,,,,,,,,,
,,,,,,,,,,,,,,,,,,,,,,,,,
,,,,,,,,,,,,,,,,,,,,,,,,,
,,,,,,,,,,,,,,,,,,,,,,,,,
,,,,,,,,,,,,,,,,,,,,,,,,,
,,,,,,,,,,,,,,,,,,,,,,,,,
,,,,,,,,,,,,,,,,,,,,,,,,,
,,,,,,,,,,,,,,,,,,,,,,,,,
,,,,,,,,,,,,,,,,,,,,,,,,,
,,,,,,,,,,,,,,,,,,,,,,,,,
,,,,,,,,,,,,,,,,,,,,,,,,,
,,,,,,,,,,,,,,,,,,,,,,,,,
,,,,,,,,,,,,,,,,,,,,,,,,,
,,,,,,,,,,,,,,,,,,,,,,,,,
,,,,,,,,,,,,,,,,,,,,,,,,,
,,,,,,,,,,,,,,,,,,,,,,,,,
,,,,,,,,,,,,,,,,,,,,,,,,,
,,,,,,,,,,,,,,,,,,,,,,,,,
,,,,,,,,,,,,,,,,,,,,,,,,,
,,,,,,,,,,,,,,,,,,,,,,,,,
,,,,,,,,,,,,,,,,,,,,,,,,,
,,,,,,,,,,,,,,,,,,,,,,,,,
,,,,,,,,,,,,,,,,,,,,,,,,,
,,,,,,,,,,,,,,,,,,,,,,,,,
,,,,,,,,,,,,,,,,,,,,,,,,,
,,,,,,,,,,,,,,,,,,,,,,,,,
,,,,,,,,,,,,,,,,,,,,,,,,,
,,,,,,,,,,,,,,,,,,,,,,,,,
,,,,,,,,,,,,,,,,,,,,,,,,,
,,,,,,,,,,,,,,,,,,,,,,,,,
,,,,,,,,,,,,,,,,,,,,,,,,,
,,,,,,,,,,,,,,,,,,,,,,,,,
,,,,,,,,,,,,,,,,,,,,,,,,,
,,,,,,,,,,,,,,,,,,,,,,,,,
,,,,,,,,,,,,,,,,,,,,,,,,,
,,,,,,,,,,,,,,,,,,,,,,,,,
,,,,,,,,,,,,,,,,,,,,,,,,,
,,,,,,,,,,,,,,,,,,,,,,,,,
,,,,,,,,,,,,,,,,,,,,,,,,,
,,,,,,,,,,,,,,,,,,,,,,,,,
,,,,,,,,,,,,,,,,,,,,,,,,,
,,,,,,,,,,,,,,,,,,,,,,,,,
,,,,,,,,,,,,,,,,,,,,,,,,,
,,,,,,,,,,,,,,,,,,,,,,,,,
,,,,,,,,,,,,,,,,,,,,,,,,,
,,,,,,,,,,,,,,,,,,,,,,,,,
,,,,,,,,,,,,,,,,,,,,,,,,,
,,,,,,,,,,,,,,,,,,,,,,,,,
,,,,,,,,,,,,,,,,,,,,,,,,,
,,,,,,,,,,,,,,,,,,,,,,,,,
,,,,,,,,,,,,,,,,,,,,,,,,,
,,,,,,,,,,,,,,,,,,,,,,,,,
,,,,,,,,,,,,,,,,,,,,,,,,,
,,,,,,,,,,,,,,,,,,,,,,,,,
,,,,,,,,,,,,,,,,,,,,,,,,,
,,,,,,,,,,,,,,,,,,,,,,,,,
,,,,,,,,,,,,,,,,,,,,,,,,,
,,,,,,,,,,,,,,,,,,,,,,,,,
,,,,,,,,,,,,,,,,,,,,,,,,,
,,,,,,,,,,,,,,,,,,,,,,,,,
,,,,,,,,,,,,,,,,,,,,,,,,,
,,,,,,,,,,,,,,,,,,,,,,,,,
,,,,,,,,,,,,,,,,,,,,,,,,,
,,,,,,,,,,,,,,,,,,,,,,,,,
,,,,,,,,,,,,,,,,,,,,,,,,,
,,,,,,,,,,,,,,,,,,,,,,,,,
,,,,,,,,,,,,,,,,,,,,,,,,,
,,,,,,,,,,,,,,,,,,,,,,,,,
,,,,,,,,,,,,,,,,,,,,,,,,,
,,,,,,,,,,,,,,,,,,,,,,,,,
,,,,,,,,,,,,,,,,,,,,,,,,,
,,,,,,,,,,,,,,,,,,,,,,,,,
,,,,,,,,,,,,,,,,,,,,,,,,,
,,,,,,,,,,,,,,,,,,,,,,,,,
,,,,,,,,,,,,,,,,,,,,,,,,,
,,,,,,,,,,,,,,,,,,,,,,,,,
,,,,,,,,,,,,,,,,,,,,,,,,,
,,,,,,,,,,,,,,,,,,,,,,,,,
,,,,,,,,,,,,,,,,,,,,,,,,,
,,,,,,,,,,,,,,,,,,,,,,,,,
,,,,,,,,,,,,,,,,,,,,,,,,,
,,,,,,,,,,,,,,,,,,,,,,,,,
,,,,,,,,,,,,,,,,,,,,,,,,,
,,,,,,,,,,,,,,,,,,,,,,,,,
,,,,,,,,,,,,,,,,,,,,,,,,,
,,,,,,,,,,,,,,,,,,,,,,,,,
,,,,,,,,,,,,,,,,,,,,,,,,,
,,,,,,,,,,,,,,,,,,,,,,,,,
,,,,,,,,,,,,,,,,,,,,,,,,,
,,,,,,,,,,,,,,,,,,,,,,,,,
,,,,,,,,,,,,,,,,,,,,,,,,,
,,,,,,,,,,,,,,,,,,,,,,,,,
,,,,,,,,,,,,,,,,,,,,,,,,,
,,,,,,,,,,,,,,,,,,,,,,,,,
,,,,,,,,,,,,,,,,,,,,,,,,,
,,,,,,,,,,,,,,,,,,,,,,,,,
,,,,,,,,,,,,,,,,,,,,,,,,,
,,,,,,,,,,,,,,,,,,,,,,,,,
,,,,,,,,,,,,,,,,,,,,,,,,,
,,,,,,,,,,,,,,,,,,,,,,,,,
,,,,,,,,,,,,,,,,,,,,,,,,,
,,,,,,,,,,,,,,,,,,,,,,,,,
,,,,,,,,,,,,,,,,,,,,,,,,,
,,,,,,,,,,,,,,,,,,,,,,,,,
,,,,,,,,,,,,,,,,,,,,,,,,,
,,,,,,,,,,,,,,,,,,,,,,,,,
,,,,,,,,,,,,,,,,,,,,,,,,,
,,,,,,,,,,,,,,,,,,,,,,,,,
,,,,,,,,,,,,,,,,,,,,,,,,,
,,,,,,,,,,,,,,,,,,,,,,,,,
,,,,,,,,,,,,,,,,,,,,,,,,,
,,,,,,,,,,,,,,,,,,,,,,,,,
,,,,,,,,,,,,,,,,,,,,,,,,,
,,,,,,,,,,,,,,,,,,,,,,,,,
,,,,,,,,,,,,,,,,,,,,,,,,,
,,,,,,,,,,,,,,,,,,,,,,,,,
,,,,,,,,,,,,,,,,,,,,,,,,,
,,,,,,,,,,,,,,,,,,,,,,,,,
,,,,,,,,,,,,,,,,,,,,,,,,,
,,,,,,,,,,,,,,,,,,,,,,,,,
,,,,,,,,,,,,,,,,,,,,,,,,,
,,,,,,,,,,,,,,,,,,,,,,,,,
,,,,,,,,,,,,,,,,,,,,,,,,,
,,,,,,,,,,,,,,,,,,,,,,,,,
,,,,,,,,,,,,,,,,,,,,,,,,,
,,,,,,,,,,,,,,,,,,,,,,,,,
,,,,,,,,,,,,,,,,,,,,,,,,,
,,,,,,,,,,,,,,,,,,,,,,,,,
,,,,,,,,,,,,,,,,,,,,,,,,,
,,,,,,,,,,,,,,,,,,,,,,,,,
,,,,,,,,,,,,,,,,,,,,,,,,,
,,,,,,,,,,,,,,,,,,,,,,,,,
,,,,,,,,,,,,,,,,,,,,,,,,,
,,,,,,,,,,,,,,,,,,,,,,,,,
,,,,,,,,,,,,,,,,,,,,,,,,,
,,,,,,,,,,,,,,,,,,,,,,,,,
,,,,,,,,,,,,,,,,,,,,,,,,,
,,,,,,,,,,,,,,,,,,,,,,,,,
,,,,,,,,,,,,,,,,,,,,,,,,,
,,,,,,,,,,,,,,,,,,,,,,,,,
,,,,,,,,,,,,,,,,,,,,,,,,,
,,,,,,,,,,,,,,,,,,,,,,,,,
,,,,,,,,,,,,,,,,,,,,,,,,,
,,,,,,,,,,,,,,,,,,,,,,,,,
,,,,,,,,,,,,,,,,,,,,,,,,,
,,,,,,,,,,,,,,,,,,,,,,,,,
,,,,,,,,,,,,,,,,,,,,,,,,,
,,,,,,,,,,,,,,,,,,,,,,,,,
,,,,,,,,,,,,,,,,,,,,,,,,,
,,,,,,,,,,,,,,,,,,,,,,,,,
,,,,,,,,,,,,,,,,,,,,,,,,,
,,,,,,,,,,,,,,,,,,,,,,,,,
,,,,,,,,,,,,,,,,,,,,,,,,,
,,,,,,,,,,,,,,,,,,,,,,,,,
,,,,,,,,,,,,,,,,,,,,,,,,,
,,,,,,,,,,,,,,,,,,,,,,,,,
,,,,,,,,,,,,,,,,,,,,,,,,,
,,,,,,,,,,,,,,,,,,,,,,,,,
,,,,,,,,,,,,,,,,,,,,,,,,,
,,,,,,,,,,,,,,,,,,,,,,,,,
,,,,,,,,,,,,,,,,,,,,,,,,,
,,,,,,,,,,,,,,,,,,,,,,,,,
,,,,,,,,,,,,,,,,,,,,,,,,,
,,,,,,,,,,,,,,,,,,,,,,,,,
,,,,,,,,,,,,,,,,,,,,,,,,,
,,,,,,,,,,,,,,,,,,,,,,,,,
,,,,,,,,,,,,,,,,,,,,,,,,,
,,,,,,,,,,,,,,,,,,,,,,,,,
,,,,,,,,,,,,,,,,,,,,,,,,,
,,,,,,,,,,,,,,,,,,,,,,,,,
,,,,,,,,,,,,,,,,,,,,,,,,,
,,,,,,,,,,,,,,,,,,,,,,,,,
,,,,,,,,,,,,,,,,,,,,,,,,,
,,,,,,,,,,,,,,,,,,,,,,,,,
,,,,,,,,,,,,,,,,,,,,,,,,,
,,,,,,,,,,,,,,,,,,,,,,,,,
,,,,,,,,,,,,,,,,,,,,,,,,,
,,,,,,,,,,,,,,,,,,,,,,,,,
,,,,,,,,,,,,,,,,,,,,,,,,,
,,,,,,,,,,,,,,,,,,,,,,,,,
,,,,,,,,,,,,,,,,,,,,,,,,,
,,,,,,,,,,,,,,,,,,,,,,,,,
,,,,,,,,,,,,,,,,,,,,,,,,,
,,,,,,,,,,,,,,,,,,,,,,,,,
,,,,,,,,,,,,,,,,,,,,,,,,,
,,,,,,,,,,,,,,,,,,,,,,,,,
,,,,,,,,,,,,,,,,,,,,,,,,,
,,,,,,,,,,,,,,,,,,,,,,,,,
,,,,,,,,,,,,,,,,,,,,,,,,,
,,,,,,,,,,,,,,,,,,,,,,,,,
,,,,,,,,,,,,,,,,,,,,,,,,,
,,,,,,,,,,,,,,,,,,,,,,,,,
,,,,,,,,,,,,,,,,,,,,,,,,,
,,,,,,,,,,,,,,,,,,,,,,,,,
,,,,,,,,,,,,,,,,,,,,,,,,,
,,,,,,,,,,,,,,,,,,,,,,,,,
,,,,,,,,,,,,,,,,,,,,,,,,,
,,,,,,,,,,,,,,,,,,,,,,,,,
,,,,,,,,,,,,,,,,,,,,,,,,,
,,,,,,,,,,,,,,,,,,,,,,,,,
,,,,,,,,,,,,,,,,,,,,,,,,,
,,,,,,,,,,,,,,,,,,,,,,,,,
,,,,,,,,,,,,,,,,,,,,,,,,,
,,,,,,,,,,,,,,,,,,,,,,,,,
,,,,,,,,,,,,,,,,,,,,,,,,,
,,,,,,,,,,,,,,,,,,,,,,,,,
,,,,,,,,,,,,,,,,,,,,,,,,,
,,,,,,,,,,,,,,,,,,,,,,,,,
,,,,,,,,,,,,,,,,,,,,,,,,,
,,,,,,,,,,,,,,,,,,,,,,,,,
,,,,,,,,,,,,,,,,,,,,,,,,,
,,,,,,,,,,,,,,,,,,,,,,,,,
,,,,,,,,,,,,,,,,,,,,,,,,,
,,,,,,,,,,,,,,,,,,,,,,,,,
,,,,,,,,,,,,,,,,,,,,,,,,,
,,,,,,,,,,,,,,,,,,,,,,,,,
,,,,,,,,,,,,,,,,,,,,,,,,,
,,,,,,,,,,,,,,,,,,,,,,,,,
,,,,,,,,,,,,,,,,,,,,,,,,,
,,,,,,,,,,,,,,,,,,,,,,,,,
,,,,,,,,,,,,,,,,,,,,,,,,,
,,,,,,,,,,,,,,,,,,,,,,,,,
,,,,,,,,,,,,,,,,,,,,,,,,,
,,,,,,,,,,,,,,,,,,,,,,,,,
,,,,,,,,,,,,,,,,,,,,,,,,,
,,,,,,,,,,,,,,,,,,,,,,,,,
,,,,,,,,,,,,,,,,,,,,,,,,,
,,,,,,,,,,,,,,,,,,,,,,,,,
,,,,,,,,,,,,,,,,,,,,,,,,,
,,,,,,,,,,,,,,,,,,,,,,,,,
,,,,,,,,,,,,,,,,,,,,,,,,,
,,,,,,,,,,,,,,,,,,,,,,,,,
,,,,,,,,,,,,,,,,,,,,,,,,,
,,,,,,,,,,,,,,,,,,,,,,,,,
,,,,,,,,,,,,,,,,,,,,,,,,,
,,,,,,,,,,,,,,,,,,,,,,,,,
,,,,,,,,,,,,,,,,,,,,,,,,,
,,,,,,,,,,,,,,,,,,,,,,,,,
,,,,,,,,,,,,,,,,,,,,,,,,,
,,,,,,,,,,,,,,,,,,,,,,,,,
,,,,,,,,,,,,,,,,,,,,,,,,,
,,,,,,,,,,,,,,,,,,,,,,,,,
,,,,,,,,,,,,,,,,,,,,,,,,,
,,,,,,,,,,,,,,,,,,,,,,,,,
,,,,,,,,,,,,,,,,,,,,,,,,,
,,,,,,,,,,,,,,,,,,,,,,,,,
,,,,,,,,,,,,,,,,,,,,,,,,,
,,,,,,,,,,,,,,,,,,,,,,,,,
,,,,,,,,,,,,,,,,,,,,,,,,,
,,,,,,,,,,,,,,,,,,,,,,,,,
,,,,,,,,,,,,,,,,,,,,,,,,,
,,,,,,,,,,,,,,,,,,,,,,,,,
,,,,,,,,,,,,,,,,,,,,,,,,,
,,,,,,,,,,,,,,,,,,,,,,,,,
,,,,,,,,,,,,,,,,,,,,,,,,,
,,,,,,,,,,,,,,,,,,,,,,,,,
,,,,,,,,,,,,,,,,,,,,,,,,,
,,,,,,,,,,,,,,,,,,,,,,,,,
,,,,,,,,,,,,,,,,,,,,,,,,,
,,,,,,,,,,,,,,,,,,,,,,,,,
,,,,,,,,,,,,,,,,,,,,,,,,,
,,,,,,,,,,,,,,,,,,,,,,,,,
,,,,,,,,,,,,,,,,,,,,,,,,,
,,,,,,,,,,,,,,,,,,,,,,,,,
,,,,,,,,,,,,,,,,,,,,,,,,,
,,,,,,,,,,,,,,,,,,,,,,,,,
,,,,,,,,,,,,,,,,,,,,,,,,,
,,,,,,,,,,,,,,,,,,,,,,,,,
,,,,,,,,,,,,,,,,,,,,,,,,,
,,,,,,,,,,,,,,,,,,,,,,,,,
,,,,,,,,,,,,,,,,,,,,,,,,,
,,,,,,,,,,,,,,,,,,,,,,,,,
,,,,,,,,,,,,,,,,,,,,,,,,,
,,,,,,,,,,,,,,,,,,,,,,,,,
,,,,,,,,,,,,,,,,,,,,,,,,,
,,,,,,,,,,,,,,,,,,,,,,,,,
,,,,,,,,,,,,,,,,,,,,,,,,,
,,,,,,,,,,,,,,,,,,,,,,,,,
,,,,,,,,,,,,,,,,,,,,,,,,,
,,,,,,,,,,,,,,,,,,,,,,,,,
,,,,,,,,,,,,,,,,,,,,,,,,,
,,,,,,,,,,,,,,,,,,,,,,,,,
,,,,,,,,,,,,,,,,,,,,,,,,,
,,,,,,,,,,,,,,,,,,,,,,,,,
,,,,,,,,,,,,,,,,,,,,,,,,,
,,,,,,,,,,,,,,,,,,,,,,,,,
,,,,,,,,,,,,,,,,,,,,,,,,,
,,,,,,,,,,,,,,,,,,,,,,,,,
,,,,,,,,,,,,,,,,,,,,,,,,,
,,,,,,,,,,,,,,,,,,,,,,,,,
,,,,,,,,,,,,,,,,,,,,,,,,,
,,,,,,,,,,,,,,,,,,,,,,,,,
,,,,,,,,,,,,,,,,,,,,,,,,,
,,,,,,,,,,,,,,,,,,,,,,,,,
,,,,,,,,,,,,,,,,,,,,,,,,,
,,,,,,,,,,,,,,,,,,,,,,,,,
,,,,,,,,,,,,,,,,,,,,,,,,,
,,,,,,,,,,,,,,,,,,,,,,,,,
,,,,,,,,,,,,,,,,,,,,,,,,,
,,,,,,,,,,,,,,,,,,,,,,,,,
,,,,,,,,,,,,,,,,,,,,,,,,,
,,,,,,,,,,,,,,,,,,,,,,,,,
,,,,,,,,,,,,,,,,,,,,,,,,,
,,,,,,,,,,,,,,,,,,,,,,,,,
,,,,,,,,,,,,,,,,,,,,,,,,,
,,,,,,,,,,,,,,,,,,,,,,,,,
,,,,,,,,,,,,,,,,,,,,,,,,,
