,GO.ID,Term,Annotated,Significant,Expected,Fisher,WorkersOutpaj,,,,,,,,,,,,,,,,,,
1,GO:0055085,transmembrane transport,293,65,29.72,2.9E-09,1.1977E-06,****,,,,,,,,,,,,,,,,,
2,GO:0051603,proteolysis involved in cellular protein catabolic process,60,12,6.09,0.0000096,0.0019824,***,,,,,,,,,,,,,,,,,
3,GO:1902600,proton transmembrane transport,24,11,2.43,0.000018,0.002478,***,,,,,,,,,,,,,,,,,
4,GO:0008203,cholesterol metabolic process,6,5,0.61,0.00048,0.039648,*,,,,,,,,,,,,,,,,,
5,GO:0046855,inositol phosphate dephosphorylation,5,4,0.51,0.00048,0.039648,*,,,,,,,,,,,,,,,,,
6,GO:0016042,lipid catabolic process,10,6,1.01,0.00131,0.090171667,,,,,,,,,,,,,,,,,,
7,GO:0007155,cell adhesion,32,8,3.25,0.00236,0.13924,,,,,,,,,,,,,,,,,,
8,GO:0006821,chloride transport,5,3,0.51,0.00887,0.385591818,,,,,,,,,,,,,,,,,,
9,GO:0007568,aging,2,2,0.2,0.01027,0.385591818,,,,,,,,,,,,,,,,,,
10,GO:0031032,actomyosin structure organization,2,2,0.2,0.01027,0.385591818,,,,,,,,,,,,,,,,,,
11,GO:0018149,peptide cross-linking,2,2,0.2,0.01027,0.385591818,,,,,,,,,,,,,,,,,,
12,GO:0006644,phospholipid metabolic process,55,10,5.58,0.01317,0.4532675,,,,,,,,,,,,,,,,,,
13,GO:0006508,proteolysis,360,53,36.52,0.0204,0.648092308,,,,,,,,,,,,,,,,,,
14,GO:0006812,cation transport,116,27,11.77,0.02402,0.686866393,,,,,,,,,,,,,,,,,,
15,GO:0005991,trehalose metabolic process,3,2,0.3,0.02873,0.686866393,,,,,,,,,,,,,,,,,,
16,GO:0019991,septate junction assembly,3,2,0.3,0.02873,0.686866393,,,,,,,,,,,,,,,,,,
17,GO:0007015,actin filament organization,18,5,1.83,0.05325,0.686866393,,,,,,,,,,,,,,,,,,
18,GO:0009253,peptidoglycan catabolic process,4,2,0.41,0.05363,0.686866393,,,,,,,,,,,,,,,,,,
19,GO:0007411,axon guidance,4,2,0.41,0.05363,0.686866393,,,,,,,,,,,,,,,,,,
20,GO:0006850,mitochondrial pyruvate transmembrane transport,4,2,0.41,0.05363,0.686866393,,,,,,,,,,,,,,,,,,
21,GO:0006811,ion transport,234,46,23.74,0.05663,0.686866393,,,,,,,,,,,,,,,,,,
22,GO:0015986,ATP synthesis coupled proton transport,10,3,1.01,0.07247,0.686866393,,,,,,,,,,,,,,,,,,
23,GO:0051056,regulation of small GTPase mediated signal transduction,14,3,1.42,0.08344,0.686866393,,,,,,,,,,,,,,,,,,
24,GO:0034314,Arp2/3 complex-mediated actin nucleation,5,2,0.51,0.08348,0.686866393,,,,,,,,,,,,,,,,,,
25,GO:0006072,glycerol-3-phosphate metabolic process,5,2,0.51,0.08348,0.686866393,,,,,,,,,,,,,,,,,,
26,GO:0006751,glutathione catabolic process,5,2,0.51,0.08348,0.686866393,,,,,,,,,,,,,,,,,,
27,GO:0006749,glutathione metabolic process,17,6,1.72,0.09114,0.686866393,,,,,,,,,,,,,,,,,,
28,GO:0006629,lipid metabolic process,233,31,23.64,0.0954,0.686866393,,,,,,,,,,,,,,,,,,
29,GO:0033014,tetrapyrrole biosynthetic process,8,3,0.81,0.10113,0.686866393,,,,,,,,,,,,,,,,,,
30,GO:0006817,phosphate ion transport,2,2,0.2,0.10123,0.686866393,,,,,,,,,,,,,,,,,,
31,GO:0009143,nucleoside triphosphate catabolic process,1,1,0.1,0.10145,0.686866393,,,,,,,,,,,,,,,,,,
32,GO:0031204,"posttranslational protein targeting to membrane, translocation",1,1,0.1,0.10145,0.686866393,,,,,,,,,,,,,,,,,,
33,GO:0008356,asymmetric cell division,1,1,0.1,0.10145,0.686866393,,,,,,,,,,,,,,,,,,
34,GO:0032481,positive regulation of type I interferon production,1,1,0.1,0.10145,0.686866393,,,,,,,,,,,,,,,,,,
35,GO:0006809,nitric oxide biosynthetic process,1,1,0.1,0.10145,0.686866393,,,,,,,,,,,,,,,,,,
36,GO:0006147,guanine catabolic process,1,1,0.1,0.10145,0.686866393,,,,,,,,,,,,,,,,,,
37,GO:0006101,citrate metabolic process,1,1,0.1,0.10145,0.686866393,,,,,,,,,,,,,,,,,,
38,GO:0006556,S-adenosylmethionine biosynthetic process,1,1,0.1,0.10145,0.686866393,,,,,,,,,,,,,,,,,,
39,GO:0008615,pyridoxine biosynthetic process,1,1,0.1,0.10145,0.686866393,,,,,,,,,,,,,,,,,,
40,GO:0015693,magnesium ion transport,1,1,0.1,0.10145,0.686866393,,,,,,,,,,,,,,,,,,
41,GO:0018160,peptidyl-pyrromethane cofactor linkage,1,1,0.1,0.10145,0.686866393,,,,,,,,,,,,,,,,,,
42,GO:0009231,riboflavin biosynthetic process,1,1,0.1,0.10145,0.686866393,,,,,,,,,,,,,,,,,,
43,GO:0019427,acetyl-CoA biosynthetic process from acetate,1,1,0.1,0.10145,0.686866393,,,,,,,,,,,,,,,,,,
44,GO:0007052,mitotic spindle organization,1,1,0.1,0.10145,0.686866393,,,,,,,,,,,,,,,,,,
45,GO:0045823,positive regulation of heart contraction,1,1,0.1,0.10145,0.686866393,,,,,,,,,,,,,,,,,,
46,GO:0006695,cholesterol biosynthetic process,1,1,0.1,0.10145,0.686866393,,,,,,,,,,,,,,,,,,
47,GO:1990547,mitochondrial phosphate ion transmembrane transport,1,1,0.1,0.10145,0.686866393,,,,,,,,,,,,,,,,,,
48,GO:0006011,UDP-glucose metabolic process,1,1,0.1,0.10145,0.686866393,,,,,,,,,,,,,,,,,,
49,GO:0009450,gamma-aminobutyric acid catabolic process,1,1,0.1,0.10145,0.686866393,,,,,,,,,,,,,,,,,,
50,GO:0006750,glutathione biosynthetic process,1,1,0.1,0.10145,0.686866393,,,,,,,,,,,,,,,,,,
51,GO:0006635,fatty acid beta-oxidation,1,1,0.1,0.10145,0.686866393,,,,,,,,,,,,,,,,,,
52,GO:0006788,heme oxidation,1,1,0.1,0.10145,0.686866393,,,,,,,,,,,,,,,,,,
53,GO:0000244,spliceosomal tri-snRNP complex assembly,1,1,0.1,0.10145,0.686866393,,,,,,,,,,,,,,,,,,
54,GO:0006003,"fructose 2,6-bisphosphate metabolic process",1,1,0.1,0.10145,0.686866393,,,,,,,,,,,,,,,,,,
55,GO:0002218,activation of innate immune response,1,1,0.1,0.10145,0.686866393,,,,,,,,,,,,,,,,,,
56,GO:0006469,negative regulation of protein kinase activity,1,1,0.1,0.10145,0.686866393,,,,,,,,,,,,,,,,,,
57,GO:0035025,positive regulation of Rho protein signal transduction,1,1,0.1,0.10145,0.686866393,,,,,,,,,,,,,,,,,,
58,GO:0042264,peptidyl-aspartic acid hydroxylation,1,1,0.1,0.10145,0.686866393,,,,,,,,,,,,,,,,,,
59,GO:0031532,actin cytoskeleton reorganization,1,1,0.1,0.10145,0.686866393,,,,,,,,,,,,,,,,,,
60,GO:0019287,"isopentenyl diphosphate biosynthetic process, mevalonate pathway",1,1,0.1,0.10145,0.686866393,,,,,,,,,,,,,,,,,,
61,GO:0006857,oligopeptide transport,1,1,0.1,0.10145,0.686866393,,,,,,,,,,,,,,,,,,
62,GO:0005975,carbohydrate metabolic process,112,19,11.36,0.10846,0.722483548,,,,,,,,,,,,,,,,,,
63,GO:0006457,protein folding,36,7,3.65,0.11025,0.72275,,,,,,,,,,,,,,,,,,
64,GO:0006665,sphingolipid metabolic process,9,3,0.91,0.11667,0.743463538,,,,,,,,,,,,,,,,,,
65,GO:0006120,"mitochondrial electron transport, NADH to ubiquinone",6,2,0.61,0.11701,0.743463538,,,,,,,,,,,,,,,,,,
66,GO:0006470,protein dephosphorylation,41,7,4.16,0.15114,0.811797857,,,,,,,,,,,,,,,,,,
67,GO:0035194,post-transcriptional gene silencing by RNA,7,2,0.71,0.15318,0.811797857,,,,,,,,,,,,,,,,,,
68,GO:0008643,carbohydrate transport,14,3,1.42,0.16306,0.811797857,,,,,,,,,,,,,,,,,,
69,GO:0009056,catabolic process,171,34,17.35,0.18531,0.811797857,,,,,,,,,,,,,,,,,,
70,GO:0016573,histone acetylation,15,3,1.52,0.1894,0.811797857,,,,,,,,,,,,,,,,,,
71,GO:0043248,proteasome assembly,8,2,0.81,0.19111,0.811797857,,,,,,,,,,,,,,,,,,
72,GO:0006164,purine nucleotide biosynthetic process,29,5,2.94,0.19207,0.811797857,,,,,,,,,,,,,,,,,,
73,GO:0006952,defense response,3,2,0.3,0.19223,0.811797857,,,,,,,,,,,,,,,,,,
74,GO:0006083,acetate metabolic process,3,2,0.3,0.19223,0.811797857,,,,,,,,,,,,,,,,,,
75,GO:0007269,neurotransmitter secretion,5,2,0.51,0.19232,0.811797857,,,,,,,,,,,,,,,,,,
76,GO:0008285,negative regulation of cell population proliferation,2,1,0.2,0.19263,0.811797857,,,,,,,,,,,,,,,,,,
77,GO:0032469,endoplasmic reticulum calcium ion homeostasis,2,1,0.2,0.19263,0.811797857,,,,,,,,,,,,,,,,,,
78,GO:0019679,"propionate metabolic process, methylcitrate cycle",2,1,0.2,0.19263,0.811797857,,,,,,,,,,,,,,,,,,
79,GO:0016973,poly(A)+ mRNA export from nucleus,2,1,0.2,0.19263,0.811797857,,,,,,,,,,,,,,,,,,
80,GO:0009298,GDP-mannose biosynthetic process,2,1,0.2,0.19263,0.811797857,,,,,,,,,,,,,,,,,,
81,GO:0007517,muscle organ development,2,1,0.2,0.19263,0.811797857,,,,,,,,,,,,,,,,,,
82,GO:0007283,spermatogenesis,2,1,0.2,0.19263,0.811797857,,,,,,,,,,,,,,,,,,
83,GO:0090481,pyrimidine nucleotide-sugar transmembrane transport,2,1,0.2,0.19263,0.811797857,,,,,,,,,,,,,,,,,,
84,GO:0006564,L-serine biosynthetic process,2,1,0.2,0.19263,0.811797857,,,,,,,,,,,,,,,,,,
85,GO:0042732,D-xylose metabolic process,2,1,0.2,0.19263,0.811797857,,,,,,,,,,,,,,,,,,
86,GO:0015696,ammonium transport,2,1,0.2,0.19263,0.811797857,,,,,,,,,,,,,,,,,,
87,GO:0006541,glutamine metabolic process,2,1,0.2,0.19263,0.811797857,,,,,,,,,,,,,,,,,,
88,GO:0019441,tryptophan catabolic process to kynurenine,2,1,0.2,0.19263,0.811797857,,,,,,,,,,,,,,,,,,
89,GO:0007021,tubulin complex assembly,2,1,0.2,0.19263,0.811797857,,,,,,,,,,,,,,,,,,
90,GO:0009083,branched-chain amino acid catabolic process,2,1,0.2,0.19263,0.811797857,,,,,,,,,,,,,,,,,,
91,GO:0006658,phosphatidylserine metabolic process,2,1,0.2,0.19263,0.811797857,,,,,,,,,,,,,,,,,,
92,GO:0006685,sphingomyelin catabolic process,2,1,0.2,0.19263,0.811797857,,,,,,,,,,,,,,,,,,
93,GO:0043517,"positive regulation of DNA damage response, signal transduction by p53 class mediator",2,1,0.2,0.19263,0.811797857,,,,,,,,,,,,,,,,,,
94,GO:0055070,copper ion homeostasis,2,1,0.2,0.19263,0.811797857,,,,,,,,,,,,,,,,,,
95,GO:0006729,tetrahydrobiopterin biosynthetic process,2,1,0.2,0.19263,0.811797857,,,,,,,,,,,,,,,,,,
96,GO:0009408,response to heat,2,1,0.2,0.19263,0.811797857,,,,,,,,,,,,,,,,,,
97,GO:0032958,inositol phosphate biosynthetic process,2,1,0.2,0.19263,0.811797857,,,,,,,,,,,,,,,,,,
98,GO:0007188,adenylate cyclase-modulating G protein-coupled receptor signaling pathway,2,1,0.2,0.19263,0.811797857,,,,,,,,,,,,,,,,,,
99,GO:0007166,cell surface receptor signaling pathway,71,9,7.2,0.22463,0.937092828,,,,,,,,,,,,,,,,,,
100,GO:0030001,metal ion transport,77,11,7.81,0.22826,0.940822178,,,,,,,,,,,,,,,,,,
101,GO:0008272,sulfate transport,9,2,0.91,0.23008,0.940822178,,,,,,,,,,,,,,,,,,
102,GO:0022900,electron transport chain,26,4,2.64,0.27418,1,,,,,,,,,,,,,,,,,,
103,GO:0043087,regulation of GTPase activity,12,2,1.22,0.27452,1,,,,,,,,,,,,,,,,,,
104,GO:0006829,zinc ion transport,3,1,0.3,0.27458,1,,,,,,,,,,,,,,,,,,
105,GO:0046854,phosphatidylinositol phosphorylation,3,1,0.3,0.27458,1,,,,,,,,,,,,,,,,,,
106,GO:0016079,synaptic vesicle exocytosis,3,1,0.3,0.27458,1,,,,,,,,,,,,,,,,,,
107,GO:0001736,establishment of planar polarity,3,1,0.3,0.27458,1,,,,,,,,,,,,,,,,,,
108,GO:0007023,post-chaperonin tubulin folding pathway,3,1,0.3,0.27458,1,,,,,,,,,,,,,,,,,,
109,GO:0006783,heme biosynthetic process,3,1,0.3,0.27458,1,,,,,,,,,,,,,,,,,,
110,GO:0000338,protein deneddylation,3,1,0.3,0.27458,1,,,,,,,,,,,,,,,,,,
111,GO:0009113,purine nucleobase biosynthetic process,3,1,0.3,0.27458,1,,,,,,,,,,,,,,,,,,
112,GO:0006886,intracellular protein transport,84,10,8.52,0.28519,1,,,,,,,,,,,,,,,,,,
113,GO:0006814,sodium ion transport,12,2,1.22,0.34773,1,,,,,,,,,,,,,,,,,,
114,GO:0030431,sleep,12,2,1.22,0.34773,1,,,,,,,,,,,,,,,,,,
115,GO:0032222,"regulation of synaptic transmission, cholinergic",12,2,1.22,0.34773,1,,,,,,,,,,,,,,,,,,
116,GO:1903818,positive regulation of voltage-gated potassium channel activity,12,2,1.22,0.34773,1,,,,,,,,,,,,,,,,,,
117,GO:0009116,nucleoside metabolic process,12,2,1.22,0.34773,1,,,,,,,,,,,,,,,,,,
118,GO:0006779,porphyrin-containing compound biosynthetic process,7,2,0.71,0.34773,1,,,,,,,,,,,,,,,,,,
119,GO:0000154,rRNA modification,4,1,0.41,0.34822,1,,,,,,,,,,,,,,,,,,
120,GO:0006606,protein import into nucleus,4,1,0.41,0.34822,1,,,,,,,,,,,,,,,,,,
121,GO:0000027,ribosomal large subunit assembly,4,1,0.41,0.34822,1,,,,,,,,,,,,,,,,,,
122,GO:0070588,calcium ion transmembrane transport,4,1,0.41,0.34822,1,,,,,,,,,,,,,,,,,,
123,GO:0043666,regulation of phosphoprotein phosphatase activity,4,1,0.41,0.34822,1,,,,,,,,,,,,,,,,,,
124,GO:0006807,nitrogen compound metabolic process,1942,170,197.01,0.3851,1,,,,,,,,,,,,,,,,,,
125,GO:0006813,potassium ion transport,42,5,4.26,0.3858,1,,,,,,,,,,,,,,,,,,
126,GO:0035556,intracellular signal transduction,71,8,7.2,0.41065,1,,,,,,,,,,,,,,,,,,
127,GO:0006839,mitochondrial transport,23,4,2.33,0.41347,1,,,,,,,,,,,,,,,,,,
128,GO:0006826,iron ion transport,5,1,0.51,0.41441,1,,,,,,,,,,,,,,,,,,
129,GO:0042073,intraciliary transport,5,1,0.51,0.41441,1,,,,,,,,,,,,,,,,,,
130,GO:0007219,Notch signaling pathway,5,1,0.51,0.41441,1,,,,,,,,,,,,,,,,,,
131,GO:0032981,mitochondrial respiratory chain complex I assembly,5,1,0.51,0.41441,1,,,,,,,,,,,,,,,,,,
132,GO:0006897,endocytosis,5,1,0.51,0.41441,1,,,,,,,,,,,,,,,,,,
133,GO:0006879,cellular iron ion homeostasis,5,1,0.51,0.41441,1,,,,,,,,,,,,,,,,,,
134,GO:0006979,response to oxidative stress,14,2,1.42,0.423,1,,,,,,,,,,,,,,,,,,
135,GO:0006413,translational initiation,14,2,1.42,0.423,1,,,,,,,,,,,,,,,,,,
136,GO:0030833,regulation of actin filament polymerization,12,3,1.22,0.47269,1,,,,,,,,,,,,,,,,,,
137,GO:0009072,aromatic amino acid family metabolic process,10,2,1.01,0.47338,1,,,,,,,,,,,,,,,,,,
138,GO:0051180,vitamin transport,6,1,0.61,0.47389,1,,,,,,,,,,,,,,,,,,
139,GO:0006518,peptide metabolic process,206,14,20.9,0.48049,1,,,,,,,,,,,,,,,,,,
140,GO:0006511,ubiquitin-dependent protein catabolic process,49,5,4.97,0.48182,1,,,,,,,,,,,,,,,,,,
141,GO:0006869,lipid transport,33,4,3.35,0.49944,1,,,,,,,,,,,,,,,,,,
142,GO:0015031,protein transport,101,12,10.25,0.52466,1,,,,,,,,,,,,,,,,,,
143,GO:0007156,homophilic cell adhesion via plasma membrane adhesion molecules,17,2,1.72,0.52672,1,,,,,,,,,,,,,,,,,,
144,GO:0016226,iron-sulfur cluster assembly,7,1,0.71,0.52734,1,,,,,,,,,,,,,,,,,,
145,GO:0015914,phospholipid transport,7,1,0.71,0.52734,1,,,,,,,,,,,,,,,,,,
146,GO:0042147,"retrograde transport, endosome to Golgi",7,1,0.71,0.52734,1,,,,,,,,,,,,,,,,,,
147,GO:0016192,vesicle-mediated transport,113,11,11.46,0.54454,1,,,,,,,,,,,,,,,,,,
148,GO:0006418,tRNA aminoacylation for protein translation,28,3,2.84,0.55142,1,,,,,,,,,,,,,,,,,,
149,GO:0090305,nucleic acid phosphodiester bond hydrolysis,8,1,0.81,0.57538,1,,,,,,,,,,,,,,,,,,
150,GO:0006122,"mitochondrial electron transport, ubiquinol to cytochrome c",9,1,0.91,0.61854,1,,,,,,,,,,,,,,,,,,
151,GO:0043547,positive regulation of GTPase activity,9,1,0.91,0.61854,1,,,,,,,,,,,,,,,,,,
152,GO:0016567,protein ubiquitination,32,3,3.25,0.64436,1,,,,,,,,,,,,,,,,,,
153,GO:0006367,transcription initiation from RNA polymerase II promoter,10,1,1.01,0.65732,1,,,,,,,,,,,,,,,,,,
154,GO:0008654,phospholipid biosynthetic process,34,3,3.45,0.65774,1,,,,,,,,,,,,,,,,,,
155,GO:0006396,RNA processing,192,8,19.48,0.68531,1,,,,,,,,,,,,,,,,,,
156,GO:0007165,signal transduction,324,31,32.87,0.71729,1,,,,,,,,,,,,,,,,,,
157,GO:0006099,tricarboxylic acid cycle,12,1,1.22,0.72349,1,,,,,,,,,,,,,,,,,,
158,GO:0006468,protein phosphorylation,265,24,26.88,0.75494,1,,,,,,,,,,,,,,,,,,
159,GO:0006486,protein glycosylation,39,3,3.96,0.77236,1,,,,,,,,,,,,,,,,,,
160,GO:0046907,intracellular transport,119,12,12.07,0.77661,1,,,,,,,,,,,,,,,,,,
161,GO:0043161,proteasome-mediated ubiquitin-dependent protein catabolic process,14,1,1.42,0.7769,1,,,,,,,,,,,,,,,,,,
162,GO:0045892,"negative regulation of transcription, DNA-templated",15,1,1.52,0.79961,1,,,,,,,,,,,,,,,,,,
163,GO:0007275,multicellular organism development,27,4,2.74,0.81852,1,,,,,,,,,,,,,,,,,,
164,GO:0007018,microtubule-based movement,48,4,4.87,0.82624,1,,,,,,,,,,,,,,,,,,
165,GO:0071805,potassium ion transmembrane transport,29,3,2.94,0.83776,1,,,,,,,,,,,,,,,,,,
166,GO:0016055,Wnt signaling pathway,17,1,1.72,0.83835,1,,,,,,,,,,,,,,,,,,
167,GO:0006506,GPI anchor biosynthetic process,19,1,1.93,0.86961,1,,,,,,,,,,,,,,,,,,
168,GO:0006914,autophagy,19,1,1.93,0.86961,1,,,,,,,,,,,,,,,,,,
169,GO:0016043,cellular component organization,320,26,32.46,0.87366,1,,,,,,,,,,,,,,,,,,
170,GO:0006397,mRNA processing,82,5,8.32,0.89618,1,,,,,,,,,,,,,,,,,,
171,GO:0000398,"mRNA splicing, via spliceosome",61,4,6.19,0.91007,1,,,,,,,,,,,,,,,,,,
172,GO:0007186,G protein-coupled receptor signaling pathway,119,9,12.07,0.91831,1,,,,,,,,,,,,,,,,,,
173,GO:0009058,biosynthetic process,910,56,92.32,0.91913,1,,,,,,,,,,,,,,,,,,
174,GO:0006633,fatty acid biosynthetic process,26,1,2.64,0.9386,1,,,,,,,,,,,,,,,,,,
175,GO:0034220,ion transmembrane transport,102,19,10.35,0.95637,1,,,,,,,,,,,,,,,,,,
176,GO:0060271,cilium assembly,30,1,3.04,0.9601,1,,,,,,,,,,,,,,,,,,
177,GO:0008299,isoprenoid biosynthetic process,49,3,4.97,0.9626,1,,,,,,,,,,,,,,,,,,
178,GO:0006357,regulation of transcription by RNA polymerase II,65,3,6.59,0.96767,1,,,,,,,,,,,,,,,,,,
179,GO:0006351,"transcription, DNA-templated",381,19,38.65,0.98614,1,,,,,,,,,,,,,,,,,,
180,GO:0006355,"regulation of transcription, DNA-templated",309,17,31.35,0.99686,1,,,,,,,,,,,,,,,,,,
181,GO:0050909,sensory perception of taste,66,1,6.7,0.99919,1,,,,,,,,,,,,,,,,,,
182,GO:0006259,DNA metabolic process,107,1,10.86,0.99999,1,,,,,,,,,,,,,,,,,,
183,GO:0006412,translation,183,7,18.57,1,1,,,,,,,,,,,,,,,,,,
184,GO:0007608,sensory perception of smell,295,3,29.93,1,1,,,,,,,,,,,,,,,,,,
185,GO:0032787,monocarboxylic acid metabolic process,48,5,4.87,1,1,,,,,,,,,,,,,,,,,,
186,GO:0043038,amino acid activation,30,3,3.04,1,1,,,,,,,,,,,,,,,,,,
187,GO:0019693,ribose phosphate metabolic process,36,5,3.65,1,1,,,,,,,,,,,,,,,,,,
188,GO:0002009,morphogenesis of an epithelium,4,1,0.41,1,1,,,,,,,,,,,,,,,,,,
189,GO:0043039,tRNA aminoacylation,30,3,3.04,1,1,,,,,,,,,,,,,,,,,,
190,GO:0031323,regulation of cellular metabolic process,362,19,36.72,1,1,,,,,,,,,,,,,,,,,,
191,GO:0031324,negative regulation of cellular metabolic process,25,2,2.54,1,1,,,,,,,,,,,,,,,,,,
192,GO:0046474,glycerophospholipid biosynthetic process,23,1,2.33,1,1,,,,,,,,,,,,,,,,,,
193,GO:0009141,nucleoside triphosphate metabolic process,14,4,1.42,1,1,,,,,,,,,,,,,,,,,,
194,GO:0008283,cell population proliferation,2,1,0.2,1,1,,,,,,,,,,,,,,,,,,
195,GO:0009142,nucleoside triphosphate biosynthetic process,13,3,1.32,1,1,,,,,,,,,,,,,,,,,,
196,GO:0031326,regulation of cellular biosynthetic process,328,17,33.28,1,1,,,,,,,,,,,,,,,,,,
197,GO:0045010,actin nucleation,6,2,0.61,1,1,,,,,,,,,,,,,,,,,,
198,GO:0031327,negative regulation of cellular biosynthetic process,20,1,2.03,1,1,,,,,,,,,,,,,,,,,,
199,GO:0009144,purine nucleoside triphosphate metabolic process,13,3,1.32,1,1,,,,,,,,,,,,,,,,,,
200,GO:0043632,modification-dependent macromolecule catabolic process,49,5,4.97,1,1,,,,,,,,,,,,,,,,,,
201,GO:0009145,purine nucleoside triphosphate biosynthetic process,13,3,1.32,1,1,,,,,,,,,,,,,,,,,,
202,GO:0006810,transport,612,107,62.09,1,1,,,,,,,,,,,,,,,,,,
203,GO:0045017,glycerolipid biosynthetic process,25,1,2.54,1,1,,,,,,,,,,,,,,,,,,
204,GO:0032774,RNA biosynthetic process,385,19,39.06,1,1,,,,,,,,,,,,,,,,,,
205,GO:0022898,regulation of transmembrane transporter activity,12,2,1.22,1,1,,,,,,,,,,,,,,,,,,
206,GO:0006163,purine nucleotide metabolic process,39,6,3.96,1,1,,,,,,,,,,,,,,,,,,
207,GO:0006816,calcium ion transport,6,1,0.61,1,1,,,,,,,,,,,,,,,,,,
208,GO:0019321,pentose metabolic process,3,1,0.3,1,1,,,,,,,,,,,,,,,,,,
209,GO:0042325,regulation of phosphorylation,12,1,1.22,1,1,,,,,,,,,,,,,,,,,,
210,GO:0042326,negative regulation of phosphorylation,1,1,0.1,1,1,,,,,,,,,,,,,,,,,,
211,GO:0060047,heart contraction,1,1,0.1,1,1,,,,,,,,,,,,,,,,,,
212,GO:0051028,mRNA transport,6,1,0.61,1,1,,,,,,,,,,,,,,,,,,
213,GO:0065002,intracellular protein transmembrane transport,11,1,1.12,1,1,,,,,,,,,,,,,,,,,,
214,GO:0065003,protein-containing complex assembly,101,9,10.25,1,1,,,,,,,,,,,,,,,,,,
215,GO:0065007,biological regulation,835,67,84.71,1,1,,,,,,,,,,,,,,,,,,
216,GO:1902850,microtubule cytoskeleton organization involved in mitosis,1,1,0.1,1,1,,,,,,,,,,,,,,,,,,
217,GO:0065008,regulation of biological quality,54,8,5.48,1,1,,,,,,,,,,,,,,,,,,
218,GO:0065009,regulation of molecular function,47,6,4.77,1,1,,,,,,,,,,,,,,,,,,
219,GO:0051301,cell division,6,1,0.61,1,1,,,,,,,,,,,,,,,,,,
220,GO:0001932,regulation of protein phosphorylation,11,1,1.12,1,1,,,,,,,,,,,,,,,,,,
221,GO:0001933,negative regulation of protein phosphorylation,1,1,0.1,1,1,,,,,,,,,,,,,,,,,,
222,GO:0045047,protein targeting to ER,7,1,0.71,1,1,,,,,,,,,,,,,,,,,,
223,GO:0046700,heterocycle catabolic process,40,4,4.06,1,1,,,,,,,,,,,,,,,,,,
224,GO:0006848,pyruvate transport,4,2,0.41,1,1,,,,,,,,,,,,,,,,,,
225,GO:0090304,nucleic acid metabolic process,751,32,76.19,1,1,,,,,,,,,,,,,,,,,,
226,GO:1901475,pyruvate transmembrane transport,4,2,0.41,1,1,,,,,,,,,,,,,,,,,,
227,GO:0031347,regulation of defense response,1,1,0.1,1,1,,,,,,,,,,,,,,,,,,
228,GO:0031349,positive regulation of defense response,1,1,0.1,1,1,,,,,,,,,,,,,,,,,,
229,GO:0022402,cell cycle process,36,1,3.65,1,1,,,,,,,,,,,,,,,,,,
230,GO:0072503,cellular divalent inorganic cation homeostasis,6,1,0.61,1,1,,,,,,,,,,,,,,,,,,
231,GO:0032606,type I interferon production,1,1,0.1,1,1,,,,,,,,,,,,,,,,,,
232,GO:0006836,neurotransmitter transport,7,2,0.71,1,1,,,,,,,,,,,,,,,,,,
233,GO:0072507,divalent inorganic cation homeostasis,7,1,0.71,1,1,,,,,,,,,,,,,,,,,,
234,GO:0031334,positive regulation of protein-containing complex assembly,6,2,0.61,1,1,,,,,,,,,,,,,,,,,,
235,GO:0051049,regulation of transport,17,2,1.72,1,1,,,,,,,,,,,,,,,,,,
236,GO:0035435,phosphate ion transmembrane transport,1,1,0.1,1,1,,,,,,,,,,,,,,,,,,
237,GO:0043603,cellular amide metabolic process,219,17,22.22,1,1,,,,,,,,,,,,,,,,,,
238,GO:0043604,amide biosynthetic process,190,9,19.28,1,1,,,,,,,,,,,,,,,,,,
239,GO:0051641,cellular localization,140,14,14.2,1,1,,,,,,,,,,,,,,,,,,
240,GO:0072350,tricarboxylic acid metabolic process,1,1,0.1,1,1,,,,,,,,,,,,,,,,,,
241,GO:0042330,taxis,4,2,0.41,1,1,,,,,,,,,,,,,,,,,,
242,GO:0050896,response to stimulus,447,38,45.35,1,1,,,,,,,,,,,,,,,,,,
243,GO:0070972,protein localization to endoplasmic reticulum,8,1,0.81,1,1,,,,,,,,,,,,,,,,,,
244,GO:0019941,modification-dependent protein catabolic process,49,5,4.97,1,1,,,,,,,,,,,,,,,,,,
245,GO:0040011,locomotion,9,2,0.91,1,1,,,,,,,,,,,,,,,,,,
246,GO:0051649,establishment of localization in cell,125,14,12.68,1,1,,,,,,,,,,,,,,,,,,
247,GO:0009100,glycoprotein metabolic process,42,3,4.26,1,1,,,,,,,,,,,,,,,,,,
248,GO:0046434,organophosphate catabolic process,8,6,0.81,1,1,,,,,,,,,,,,,,,,,,
249,GO:0009101,glycoprotein biosynthetic process,41,3,4.16,1,1,,,,,,,,,,,,,,,,,,
250,GO:1905114,cell surface receptor signaling pathway involved in cell-cell signaling,17,1,1.72,1,1,,,,,,,,,,,,,,,,,,
251,GO:0033865,nucleoside bisphosphate metabolic process,7,2,0.71,1,1,,,,,,,,,,,,,,,,,,
252,GO:0033866,nucleoside bisphosphate biosynthetic process,5,1,0.51,1,1,,,,,,,,,,,,,,,,,,
253,GO:0051493,regulation of cytoskeleton organization,15,3,1.52,1,1,,,,,,,,,,,,,,,,,,
254,GO:0051495,positive regulation of cytoskeleton organization,6,2,0.61,1,1,,,,,,,,,,,,,,,,,,
255,GO:0070925,organelle assembly,46,2,4.67,1,1,,,,,,,,,,,,,,,,,,
256,GO:0030705,cytoskeleton-dependent intracellular transport,6,1,0.61,1,1,,,,,,,,,,,,,,,,,,
257,GO:0008380,RNA splicing,67,4,6.8,1,1,,,,,,,,,,,,,,,,,,
258,GO:2001257,regulation of cation channel activity,12,2,1.22,1,1,,,,,,,,,,,,,,,,,,
259,GO:0019673,GDP-mannose metabolic process,3,1,0.3,1,1,,,,,,,,,,,,,,,,,,
260,GO:0032479,regulation of type I interferon production,1,1,0.1,1,1,,,,,,,,,,,,,,,,,,
261,GO:2001259,positive regulation of cation channel activity,12,2,1.22,1,1,,,,,,,,,,,,,,,,,,
262,GO:0006119,oxidative phosphorylation,22,3,2.23,1,1,,,,,,,,,,,,,,,,,,
263,GO:0120192,tight junction assembly,3,2,0.3,1,1,,,,,,,,,,,,,,,,,,
264,GO:0010563,negative regulation of phosphorus metabolic process,3,1,0.3,1,1,,,,,,,,,,,,,,,,,,
265,GO:0120193,tight junction organization,3,2,0.3,1,1,,,,,,,,,,,,,,,,,,
266,GO:0017038,protein import,13,1,1.32,1,1,,,,,,,,,,,,,,,,,,
267,GO:0006144,purine nucleobase metabolic process,7,2,0.71,1,1,,,,,,,,,,,,,,,,,,
268,GO:0006145,purine nucleobase catabolic process,1,1,0.1,1,1,,,,,,,,,,,,,,,,,,
269,GO:0061061,muscle structure development,2,1,0.2,1,1,,,,,,,,,,,,,,,,,,
270,GO:0072329,monocarboxylic acid catabolic process,2,2,0.2,1,1,,,,,,,,,,,,,,,,,,
271,GO:0070085,glycosylation,39,3,3.96,1,1,,,,,,,,,,,,,,,,,,
272,GO:0031047,gene silencing by RNA,8,2,0.81,1,1,,,,,,,,,,,,,,,,,,
273,GO:0048583,regulation of response to stimulus,44,5,4.46,1,1,,,,,,,,,,,,,,,,,,
274,GO:0048584,positive regulation of response to stimulus,13,3,1.32,1,1,,,,,,,,,,,,,,,,,,
275,GO:0033875,ribonucleoside bisphosphate metabolic process,7,2,0.71,1,1,,,,,,,,,,,,,,,,,,
276,GO:0007264,small GTPase mediated signal transduction,29,3,2.94,1,1,,,,,,,,,,,,,,,,,,
277,GO:0007265,Ras protein signal transduction,10,1,1.01,1,1,,,,,,,,,,,,,,,,,,
278,GO:0032411,positive regulation of transporter activity,12,2,1.22,1,1,,,,,,,,,,,,,,,,,,
279,GO:0010556,regulation of macromolecule biosynthetic process,328,17,33.28,1,1,,,,,,,,,,,,,,,,,,
280,GO:0007266,Rho protein signal transduction,3,1,0.3,1,1,,,,,,,,,,,,,,,,,,
281,GO:0032412,regulation of ion transmembrane transporter activity,12,2,1.22,1,1,,,,,,,,,,,,,,,,,,
282,GO:0099177,regulation of trans-synaptic signaling,13,2,1.32,1,1,,,,,,,,,,,,,,,,,,
283,GO:0007267,cell-cell signaling,39,5,3.96,1,1,,,,,,,,,,,,,,,,,,
284,GO:0010558,negative regulation of macromolecule biosynthetic process,20,1,2.03,1,1,,,,,,,,,,,,,,,,,,
285,GO:0007268,chemical synaptic transmission,20,4,2.03,1,1,,,,,,,,,,,,,,,,,,
286,GO:0032414,positive regulation of ion transmembrane transporter activity,12,2,1.22,1,1,,,,,,,,,,,,,,,,,,
287,GO:0051716,cellular response to stimulus,415,31,42.1,1,1,,,,,,,,,,,,,,,,,,
288,GO:0008202,steroid metabolic process,7,5,0.71,1,1,,,,,,,,,,,,,,,,,,
289,GO:0061919,process utilizing autophagic mechanism,19,1,1.93,1,1,,,,,,,,,,,,,,,,,,
290,GO:0006139,nucleobase-containing compound metabolic process,843,45,85.52,1,1,,,,,,,,,,,,,,,,,,
291,GO:0071545,inositol phosphate catabolic process,5,4,0.51,1,1,,,,,,,,,,,,,,,,,,
292,GO:0008064,regulation of actin polymerization or depolymerization,12,3,1.22,1,1,,,,,,,,,,,,,,,,,,
293,GO:0016310,phosphorylation,303,28,30.74,1,1,,,,,,,,,,,,,,,,,,
294,GO:0016311,dephosphorylation,55,11,5.58,1,1,,,,,,,,,,,,,,,,,,
295,GO:0043412,macromolecule modification,571,47,57.93,1,1,,,,,,,,,,,,,,,,,,
296,GO:0043413,macromolecule glycosylation,39,3,3.96,1,1,,,,,,,,,,,,,,,,,,
297,GO:0032446,protein modification by small protein conjugation,34,3,3.45,1,1,,,,,,,,,,,,,,,,,,
298,GO:0019751,polyol metabolic process,14,6,1.42,1,1,,,,,,,,,,,,,,,,,,
299,GO:0019752,carboxylic acid metabolic process,116,14,11.77,1,1,,,,,,,,,,,,,,,,,,
300,GO:0072348,sulfur compound transport,9,2,0.91,1,1,,,,,,,,,,,,,,,,,,
301,GO:0098542,defense response to other organism,1,1,0.1,1,1,,,,,,,,,,,,,,,,,,
302,GO:0099111,microtubule-based transport,5,1,0.51,1,1,,,,,,,,,,,,,,,,,,
303,GO:0048522,positive regulation of cellular process,47,6,4.77,1,1,,,,,,,,,,,,,,,,,,
304,GO:0048523,negative regulation of cellular process,53,3,5.38,1,1,,,,,,,,,,,,,,,,,,
305,GO:0072330,monocarboxylic acid biosynthetic process,28,1,2.84,1,1,,,,,,,,,,,,,,,,,,
306,GO:0016053,organic acid biosynthetic process,42,2,4.26,1,1,,,,,,,,,,,,,,,,,,
307,GO:0072331,signal transduction by p53 class mediator,2,1,0.2,1,1,,,,,,,,,,,,,,,,,,
308,GO:0016054,organic acid catabolic process,13,4,1.32,1,1,,,,,,,,,,,,,,,,,,
309,GO:0099118,microtubule-based protein transport,5,1,0.51,1,1,,,,,,,,,,,,,,,,,,
310,GO:0050877,nervous system process,362,4,36.72,1,1,,,,,,,,,,,,,,,,,,
311,GO:0007399,nervous system development,6,2,0.61,1,1,,,,,,,,,,,,,,,,,,
312,GO:0072657,protein localization to membrane,13,1,1.32,1,1,,,,,,,,,,,,,,,,,,
313,GO:0008652,cellular amino acid biosynthetic process,12,1,1.22,1,1,,,,,,,,,,,,,,,,,,
314,GO:0009260,ribonucleotide biosynthetic process,27,4,2.74,1,1,,,,,,,,,,,,,,,,,,
315,GO:0019637,organophosphate metabolic process,136,24,13.8,1,1,,,,,,,,,,,,,,,,,,
316,GO:0060429,epithelium development,4,1,0.41,1,1,,,,,,,,,,,,,,,,,,
317,GO:0007271,"synaptic transmission, cholinergic",13,2,1.32,1,1,,,,,,,,,,,,,,,,,,
318,GO:0048513,animal organ development,5,1,0.51,1,1,,,,,,,,,,,,,,,,,,
319,GO:0009266,response to temperature stimulus,2,1,0.2,1,1,,,,,,,,,,,,,,,,,,
320,GO:0042770,signal transduction in response to DNA damage,2,1,0.2,1,1,,,,,,,,,,,,,,,,,,
321,GO:0007276,gamete generation,2,1,0.2,1,1,,,,,,,,,,,,,,,,,,
322,GO:0048518,positive regulation of biological process,51,8,5.17,1,1,,,,,,,,,,,,,,,,,,
323,GO:0043436,oxoacid metabolic process,116,14,11.77,1,1,,,,,,,,,,,,,,,,,,
324,GO:0048519,negative regulation of biological process,84,5,8.52,1,1,,,,,,,,,,,,,,,,,,
325,GO:0042773,ATP synthesis coupled electron transport,22,3,2.23,1,1,,,,,,,,,,,,,,,,,,
326,GO:0042775,mitochondrial ATP synthesis coupled electron transport,21,3,2.13,1,1,,,,,,,,,,,,,,,,,,
327,GO:1903522,regulation of blood circulation,1,1,0.1,1,1,,,,,,,,,,,,,,,,,,
328,GO:1903524,positive regulation of blood circulation,1,1,0.1,1,1,,,,,,,,,,,,,,,,,,
329,GO:0016070,RNA metabolic process,652,30,66.14,1,1,,,,,,,,,,,,,,,,,,
330,GO:0016071,mRNA metabolic process,100,5,10.14,1,1,,,,,,,,,,,,,,,,,,
331,GO:0016072,rRNA metabolic process,30,1,3.04,1,1,,,,,,,,,,,,,,,,,,
332,GO:0009259,ribonucleotide metabolic process,36,5,3.65,1,1,,,,,,,,,,,,,,,,,,
333,GO:0006563,L-serine metabolic process,2,1,0.2,1,1,,,,,,,,,,,,,,,,,,
334,GO:0042726,flavin-containing compound metabolic process,1,1,0.1,1,1,,,,,,,,,,,,,,,,,,
335,GO:0006568,tryptophan metabolic process,3,1,0.3,1,1,,,,,,,,,,,,,,,,,,
336,GO:0070646,protein modification by small protein removal,10,1,1.01,1,1,,,,,,,,,,,,,,,,,,
337,GO:0042727,flavin-containing compound biosynthetic process,1,1,0.1,1,1,,,,,,,,,,,,,,,,,,
338,GO:0080090,regulation of primary metabolic process,357,19,36.22,1,1,,,,,,,,,,,,,,,,,,
339,GO:0006569,tryptophan catabolic process,3,1,0.3,1,1,,,,,,,,,,,,,,,,,,
340,GO:0070647,protein modification by small protein conjugation or removal,44,4,4.46,1,1,,,,,,,,,,,,,,,,,,
341,GO:0001738,morphogenesis of a polarized epithelium,3,1,0.3,1,1,,,,,,,,,,,,,,,,,,
342,GO:0019725,cellular homeostasis,15,2,1.52,1,1,,,,,,,,,,,,,,,,,,
343,GO:0009395,phospholipid catabolic process,2,1,0.2,1,1,,,,,,,,,,,,,,,,,,
344,GO:0051704,multi-organism process,3,1,0.3,1,1,,,,,,,,,,,,,,,,,,
345,GO:0010257,NADH dehydrogenase complex assembly,5,1,0.51,1,1,,,,,,,,,,,,,,,,,,
346,GO:0051707,response to other organism,1,1,0.1,1,1,,,,,,,,,,,,,,,,,,
347,GO:0055114,oxidation-reduction process,50,7,5.07,1,1,,,,,,,,,,,,,,,,,,
348,GO:0032409,regulation of transporter activity,12,2,1.22,1,1,,,,,,,,,,,,,,,,,,
349,GO:0046164,alcohol catabolic process,6,4,0.61,1,1,,,,,,,,,,,,,,,,,,
350,GO:0046165,alcohol biosynthetic process,6,3,0.61,1,1,,,,,,,,,,,,,,,,,,
351,GO:1904062,regulation of cation transmembrane transport,12,2,1.22,1,1,,,,,,,,,,,,,,,,,,
352,GO:1904064,positive regulation of cation transmembrane transport,12,2,1.22,1,1,,,,,,,,,,,,,,,,,,
353,GO:0008015,blood circulation,1,1,0.1,1,1,,,,,,,,,,,,,,,,,,
354,GO:0008016,regulation of heart contraction,1,1,0.1,1,1,,,,,,,,,,,,,,,,,,
355,GO:0006586,indolalkylamine metabolic process,3,1,0.3,1,1,,,,,,,,,,,,,,,,,,
356,GO:0008610,lipid biosynthetic process,116,7,11.77,1,1,,,,,,,,,,,,,,,,,,
357,GO:0018193,peptidyl-amino acid modification,62,5,6.29,1,1,,,,,,,,,,,,,,,,,,
358,GO:0008614,pyridoxine metabolic process,1,1,0.1,1,1,,,,,,,,,,,,,,,,,,
359,GO:0018197,peptidyl-aspartic acid modification,1,1,0.1,1,1,,,,,,,,,,,,,,,,,,
360,GO:0018198,peptidyl-cysteine modification,1,1,0.1,1,1,,,,,,,,,,,,,,,,,,
361,GO:0009225,nucleotide-sugar metabolic process,5,2,0.51,1,1,,,,,,,,,,,,,,,,,,
362,GO:0009226,nucleotide-sugar biosynthetic process,3,1,0.3,1,1,,,,,,,,,,,,,,,,,,
363,GO:0006575,cellular modified amino acid metabolic process,21,7,2.13,1,1,,,,,,,,,,,,,,,,,,
364,GO:0006576,cellular biogenic amine metabolic process,4,1,0.41,1,1,,,,,,,,,,,,,,,,,,
365,GO:0046834,lipid phosphorylation,3,1,0.3,1,1,,,,,,,,,,,,,,,,,,
366,GO:0070727,cellular macromolecule localization,95,10,9.64,1,1,,,,,,,,,,,,,,,,,,
367,GO:0046838,phosphorylated carbohydrate dephosphorylation,5,4,0.51,1,1,,,,,,,,,,,,,,,,,,
368,GO:0006520,cellular amino acid metabolic process,67,9,6.8,1,1,,,,,,,,,,,,,,,,,,
369,GO:0015980,energy derivation by oxidation of organic compounds,42,4,4.26,1,1,,,,,,,,,,,,,,,,,,
370,GO:0015985,"energy coupled proton transport, down electrochemical gradient",10,3,1.01,1,1,,,,,,,,,,,,,,,,,,
371,GO:0030163,protein catabolic process,68,12,6.9,1,1,,,,,,,,,,,,,,,,,,
372,GO:0046173,polyol biosynthetic process,5,2,0.51,1,1,,,,,,,,,,,,,,,,,,
373,GO:0009240,isopentenyl diphosphate biosynthetic process,1,1,0.1,1,1,,,,,,,,,,,,,,,,,,
374,GO:0015698,inorganic anion transport,16,7,1.62,1,1,,,,,,,,,,,,,,,,,,
375,GO:2001057,reactive nitrogen species metabolic process,1,1,0.1,1,1,,,,,,,,,,,,,,,,,,
376,GO:0046174,polyol catabolic process,6,4,0.61,1,1,,,,,,,,,,,,,,,,,,
377,GO:0009966,regulation of signal transduction,40,4,4.06,1,1,,,,,,,,,,,,,,,,,,
378,GO:0009967,positive regulation of signal transduction,10,2,1.01,1,1,,,,,,,,,,,,,,,,,,
379,GO:0050801,ion homeostasis,14,3,1.42,1,1,,,,,,,,,,,,,,,,,,
380,GO:0009247,glycolipid biosynthetic process,19,1,1.93,1,1,,,,,,,,,,,,,,,,,,
381,GO:0050804,modulation of chemical synaptic transmission,13,2,1.32,1,1,,,,,,,,,,,,,,,,,,
382,GO:0030154,cell differentiation,8,2,0.81,1,1,,,,,,,,,,,,,,,,,,
383,GO:0032879,regulation of localization,19,2,1.93,1,1,,,,,,,,,,,,,,,,,,
384,GO:0048232,male gamete generation,2,1,0.2,1,1,,,,,,,,,,,,,,,,,,
385,GO:1903506,regulation of nucleic acid-templated transcription,309,17,31.35,1,1,,,,,,,,,,,,,,,,,,
386,GO:1903507,negative regulation of nucleic acid-templated transcription,15,1,1.52,1,1,,,,,,,,,,,,,,,,,,
387,GO:1903509,liposaccharide metabolic process,19,1,1.93,1,1,,,,,,,,,,,,,,,,,,
388,GO:0030832,regulation of actin filament length,12,3,1.22,1,1,,,,,,,,,,,,,,,,,,
389,GO:0030182,neuron differentiation,5,2,0.51,1,1,,,,,,,,,,,,,,,,,,
390,GO:0046112,nucleobase biosynthetic process,7,1,0.71,1,1,,,,,,,,,,,,,,,,,,
391,GO:0046113,nucleobase catabolic process,1,1,0.1,1,1,,,,,,,,,,,,,,,,,,
392,GO:0030838,positive regulation of actin filament polymerization,6,2,0.61,1,1,,,,,,,,,,,,,,,,,,
393,GO:0090407,organophosphate biosynthetic process,93,9,9.43,1,1,,,,,,,,,,,,,,,,,,
394,GO:0009987,cellular process,3061,306,310.54,1,1,,,,,,,,,,,,,,,,,,
395,GO:0002831,regulation of response to biotic stimulus,1,1,0.1,1,1,,,,,,,,,,,,,,,,,,
396,GO:0007051,spindle organization,4,1,0.41,1,1,,,,,,,,,,,,,,,,,,
397,GO:0002833,positive regulation of response to biotic stimulus,1,1,0.1,1,1,,,,,,,,,,,,,,,,,,
398,GO:2001020,regulation of response to DNA damage stimulus,3,1,0.3,1,1,,,,,,,,,,,,,,,,,,
399,GO:0042440,pigment metabolic process,8,3,0.81,1,1,,,,,,,,,,,,,,,,,,
400,GO:0045859,regulation of protein kinase activity,8,1,0.81,1,1,,,,,,,,,,,,,,,,,,
401,GO:0010959,regulation of metal ion transport,12,2,1.22,1,1,,,,,,,,,,,,,,,,,,
402,GO:0048699,generation of neurons,5,2,0.51,1,1,,,,,,,,,,,,,,,,,,
403,GO:2001022,positive regulation of response to DNA damage stimulus,3,1,0.3,1,1,,,,,,,,,,,,,,,,,,
404,GO:0098660,inorganic ion transmembrane transport,62,16,6.29,1,1,,,,,,,,,,,,,,,,,,
405,GO:0098661,inorganic anion transmembrane transport,2,1,0.2,1,1,,,,,,,,,,,,,,,,,,
406,GO:0006399,tRNA metabolic process,75,3,7.61,1,1,,,,,,,,,,,,,,,,,,
407,GO:0098662,inorganic cation transmembrane transport,60,15,6.09,1,1,,,,,,,,,,,,,,,,,,
408,GO:0046146,tetrahydrobiopterin metabolic process,2,1,0.2,1,1,,,,,,,,,,,,,,,,,,
409,GO:0098916,anterograde trans-synaptic signaling,20,4,2.03,1,1,,,,,,,,,,,,,,,,,,
410,GO:0046148,pigment biosynthetic process,7,2,0.71,1,1,,,,,,,,,,,,,,,,,,
411,GO:0042430,indole-containing compound metabolic process,3,1,0.3,1,1,,,,,,,,,,,,,,,,,,
412,GO:0033108,mitochondrial respiratory chain complex assembly,12,1,1.22,1,1,,,,,,,,,,,,,,,,,,
413,GO:0006996,organelle organization,234,16,23.74,1,1,,,,,,,,,,,,,,,,,,
,,,,,,,,,,,,,,,,,,,,,,,,,
,,,,,,,,,,,,,,,,,,,,,,,,,
,,,,,,,,,,,,,,,,,,,,,,,,,
,,,,,,,,,,,,,,,,,,,,,,,,,
,,,,,,,,,,,,,,,,,,,,,,,,,
,,,,,,,,,,,,,,,,,,,,,,,,,
,,,,,,,,,,,,,,,,,,,,,,,,,
,,,,,,,,,,,,,,,,,,,,,,,,,
,,,,,,,,,,,,,,,,,,,,,,,,,
,,,,,,,,,,,,,,,,,,,,,,,,,
,,,,,,,,,,,,,,,,,,,,,,,,,
,,,,,,,,,,,,,,,,,,,,,,,,,
,,,,,,,,,,,,,,,,,,,,,,,,,
,,,,,,,,,,,,,,,,,,,,,,,,,
,,,,,,,,,,,,,,,,,,,,,,,,,
,,,,,,,,,,,,,,,,,,,,,,,,,
,,,,,,,,,,,,,,,,,,,,,,,,,
,,,,,,,,,,,,,,,,,,,,,,,,,
,,,,,,,,,,,,,,,,,,,,,,,,,
,,,,,,,,,,,,,,,,,,,,,,,,,
,,,,,,,,,,,,,,,,,,,,,,,,,
,,,,,,,,,,,,,,,,,,,,,,,,,
,,,,,,,,,,,,,,,,,,,,,,,,,
,,,,,,,,,,,,,,,,,,,,,,,,,
,,,,,,,,,,,,,,,,,,,,,,,,,
,,,,,,,,,,,,,,,,,,,,,,,,,
,,,,,,,,,,,,,,,,,,,,,,,,,
,,,,,,,,,,,,,,,,,,,,,,,,,
,,,,,,,,,,,,,,,,,,,,,,,,,
,,,,,,,,,,,,,,,,,,,,,,,,,
,,,,,,,,,,,,,,,,,,,,,,,,,
,,,,,,,,,,,,,,,,,,,,,,,,,
,,,,,,,,,,,,,,,,,,,,,,,,,
,,,,,,,,,,,,,,,,,,,,,,,,,
,,,,,,,,,,,,,,,,,,,,,,,,,
,,,,,,,,,,,,,,,,,,,,,,,,,
,,,,,,,,,,,,,,,,,,,,,,,,,
,,,,,,,,,,,,,,,,,,,,,,,,,
,,,,,,,,,,,,,,,,,,,,,,,,,
,,,,,,,,,,,,,,,,,,,,,,,,,
,,,,,,,,,,,,,,,,,,,,,,,,,
,,,,,,,,,,,,,,,,,,,,,,,,,
,,,,,,,,,,,,,,,,,,,,,,,,,
,,,,,,,,,,,,,,,,,,,,,,,,,
,,,,,,,,,,,,,,,,,,,,,,,,,
,,,,,,,,,,,,,,,,,,,,,,,,,
,,,,,,,,,,,,,,,,,,,,,,,,,
,,,,,,,,,,,,,,,,,,,,,,,,,
,,,,,,,,,,,,,,,,,,,,,,,,,
,,,,,,,,,,,,,,,,,,,,,,,,,
,,,,,,,,,,,,,,,,,,,,,,,,,
,,,,,,,,,,,,,,,,,,,,,,,,,
,,,,,,,,,,,,,,,,,,,,,,,,,
,,,,,,,,,,,,,,,,,,,,,,,,,
,,,,,,,,,,,,,,,,,,,,,,,,,
,,,,,,,,,,,,,,,,,,,,,,,,,
,,,,,,,,,,,,,,,,,,,,,,,,,
,,,,,,,,,,,,,,,,,,,,,,,,,
,,,,,,,,,,,,,,,,,,,,,,,,,
,,,,,,,,,,,,,,,,,,,,,,,,,
,,,,,,,,,,,,,,,,,,,,,,,,,
,,,,,,,,,,,,,,,,,,,,,,,,,
,,,,,,,,,,,,,,,,,,,,,,,,,
,,,,,,,,,,,,,,,,,,,,,,,,,
,,,,,,,,,,,,,,,,,,,,,,,,,
,,,,,,,,,,,,,,,,,,,,,,,,,
,,,,,,,,,,,,,,,,,,,,,,,,,
,,,,,,,,,,,,,,,,,,,,,,,,,
,,,,,,,,,,,,,,,,,,,,,,,,,
,,,,,,,,,,,,,,,,,,,,,,,,,
,,,,,,,,,,,,,,,,,,,,,,,,,
,,,,,,,,,,,,,,,,,,,,,,,,,
,,,,,,,,,,,,,,,,,,,,,,,,,
,,,,,,,,,,,,,,,,,,,,,,,,,
,,,,,,,,,,,,,,,,,,,,,,,,,
,,,,,,,,,,,,,,,,,,,,,,,,,
,,,,,,,,,,,,,,,,,,,,,,,,,
,,,,,,,,,,,,,,,,,,,,,,,,,
,,,,,,,,,,,,,,,,,,,,,,,,,
,,,,,,,,,,,,,,,,,,,,,,,,,
,,,,,,,,,,,,,,,,,,,,,,,,,
,,,,,,,,,,,,,,,,,,,,,,,,,
,,,,,,,,,,,,,,,,,,,,,,,,,
,,,,,,,,,,,,,,,,,,,,,,,,,
,,,,,,,,,,,,,,,,,,,,,,,,,
,,,,,,,,,,,,,,,,,,,,,,,,,
,,,,,,,,,,,,,,,,,,,,,,,,,
,,,,,,,,,,,,,,,,,,,,,,,,,
,,,,,,,,,,,,,,,,,,,,,,,,,
,,,,,,,,,,,,,,,,,,,,,,,,,
,,,,,,,,,,,,,,,,,,,,,,,,,
,,,,,,,,,,,,,,,,,,,,,,,,,
,,,,,,,,,,,,,,,,,,,,,,,,,
,,,,,,,,,,,,,,,,,,,,,,,,,
,,,,,,,,,,,,,,,,,,,,,,,,,
,,,,,,,,,,,,,,,,,,,,,,,,,
,,,,,,,,,,,,,,,,,,,,,,,,,
,,,,,,,,,,,,,,,,,,,,,,,,,
,,,,,,,,,,,,,,,,,,,,,,,,,
,,,,,,,,,,,,,,,,,,,,,,,,,
,,,,,,,,,,,,,,,,,,,,,,,,,
,,,,,,,,,,,,,,,,,,,,,,,,,
,,,,,,,,,,,,,,,,,,,,,,,,,
,,,,,,,,,,,,,,,,,,,,,,,,,
,,,,,,,,,,,,,,,,,,,,,,,,,
,,,,,,,,,,,,,,,,,,,,,,,,,
,,,,,,,,,,,,,,,,,,,,,,,,,
,,,,,,,,,,,,,,,,,,,,,,,,,
,,,,,,,,,,,,,,,,,,,,,,,,,
,,,,,,,,,,,,,,,,,,,,,,,,,
,,,,,,,,,,,,,,,,,,,,,,,,,
,,,,,,,,,,,,,,,,,,,,,,,,,
,,,,,,,,,,,,,,,,,,,,,,,,,
,,,,,,,,,,,,,,,,,,,,,,,,,
,,,,,,,,,,,,,,,,,,,,,,,,,
,,,,,,,,,,,,,,,,,,,,,,,,,
,,,,,,,,,,,,,,,,,,,,,,,,,
,,,,,,,,,,,,,,,,,,,,,,,,,
,,,,,,,,,,,,,,,,,,,,,,,,,
,,,,,,,,,,,,,,,,,,,,,,,,,
,,,,,,,,,,,,,,,,,,,,,,,,,
,,,,,,,,,,,,,,,,,,,,,,,,,
,,,,,,,,,,,,,,,,,,,,,,,,,
,,,,,,,,,,,,,,,,,,,,,,,,,
,,,,,,,,,,,,,,,,,,,,,,,,,
,,,,,,,,,,,,,,,,,,,,,,,,,
,,,,,,,,,,,,,,,,,,,,,,,,,
,,,,,,,,,,,,,,,,,,,,,,,,,
,,,,,,,,,,,,,,,,,,,,,,,,,
,,,,,,,,,,,,,,,,,,,,,,,,,
,,,,,,,,,,,,,,,,,,,,,,,,,
,,,,,,,,,,,,,,,,,,,,,,,,,
,,,,,,,,,,,,,,,,,,,,,,,,,
,,,,,,,,,,,,,,,,,,,,,,,,,
,,,,,,,,,,,,,,,,,,,,,,,,,
,,,,,,,,,,,,,,,,,,,,,,,,,
,,,,,,,,,,,,,,,,,,,,,,,,,
,,,,,,,,,,,,,,,,,,,,,,,,,
,,,,,,,,,,,,,,,,,,,,,,,,,
,,,,,,,,,,,,,,,,,,,,,,,,,
,,,,,,,,,,,,,,,,,,,,,,,,,
,,,,,,,,,,,,,,,,,,,,,,,,,
,,,,,,,,,,,,,,,,,,,,,,,,,
,,,,,,,,,,,,,,,,,,,,,,,,,
,,,,,,,,,,,,,,,,,,,,,,,,,
,,,,,,,,,,,,,,,,,,,,,,,,,
,,,,,,,,,,,,,,,,,,,,,,,,,
,,,,,,,,,,,,,,,,,,,,,,,,,
,,,,,,,,,,,,,,,,,,,,,,,,,
,,,,,,,,,,,,,,,,,,,,,,,,,
,,,,,,,,,,,,,,,,,,,,,,,,,
,,,,,,,,,,,,,,,,,,,,,,,,,
,,,,,,,,,,,,,,,,,,,,,,,,,
,,,,,,,,,,,,,,,,,,,,,,,,,
,,,,,,,,,,,,,,,,,,,,,,,,,
,,,,,,,,,,,,,,,,,,,,,,,,,
,,,,,,,,,,,,,,,,,,,,,,,,,
,,,,,,,,,,,,,,,,,,,,,,,,,
,,,,,,,,,,,,,,,,,,,,,,,,,
,,,,,,,,,,,,,,,,,,,,,,,,,
,,,,,,,,,,,,,,,,,,,,,,,,,
,,,,,,,,,,,,,,,,,,,,,,,,,
,,,,,,,,,,,,,,,,,,,,,,,,,
,,,,,,,,,,,,,,,,,,,,,,,,,
,,,,,,,,,,,,,,,,,,,,,,,,,
,,,,,,,,,,,,,,,,,,,,,,,,,
,,,,,,,,,,,,,,,,,,,,,,,,,
,,,,,,,,,,,,,,,,,,,,,,,,,
,,,,,,,,,,,,,,,,,,,,,,,,,
,,,,,,,,,,,,,,,,,,,,,,,,,
,,,,,,,,,,,,,,,,,,,,,,,,,
,,,,,,,,,,,,,,,,,,,,,,,,,
,,,,,,,,,,,,,,,,,,,,,,,,,
,,,,,,,,,,,,,,,,,,,,,,,,,
,,,,,,,,,,,,,,,,,,,,,,,,,
,,,,,,,,,,,,,,,,,,,,,,,,,
,,,,,,,,,,,,,,,,,,,,,,,,,
,,,,,,,,,,,,,,,,,,,,,,,,,
,,,,,,,,,,,,,,,,,,,,,,,,,
,,,,,,,,,,,,,,,,,,,,,,,,,
,,,,,,,,,,,,,,,,,,,,,,,,,
,,,,,,,,,,,,,,,,,,,,,,,,,
,,,,,,,,,,,,,,,,,,,,,,,,,
,,,,,,,,,,,,,,,,,,,,,,,,,
,,,,,,,,,,,,,,,,,,,,,,,,,
,,,,,,,,,,,,,,,,,,,,,,,,,
,,,,,,,,,,,,,,,,,,,,,,,,,
,,,,,,,,,,,,,,,,,,,,,,,,,
,,,,,,,,,,,,,,,,,,,,,,,,,
,,,,,,,,,,,,,,,,,,,,,,,,,
,,,,,,,,,,,,,,,,,,,,,,,,,
,,,,,,,,,,,,,,,,,,,,,,,,,
,,,,,,,,,,,,,,,,,,,,,,,,,
,,,,,,,,,,,,,,,,,,,,,,,,,
,,,,,,,,,,,,,,,,,,,,,,,,,
,,,,,,,,,,,,,,,,,,,,,,,,,
,,,,,,,,,,,,,,,,,,,,,,,,,
,,,,,,,,,,,,,,,,,,,,,,,,,
,,,,,,,,,,,,,,,,,,,,,,,,,
,,,,,,,,,,,,,,,,,,,,,,,,,
,,,,,,,,,,,,,,,,,,,,,,,,,
,,,,,,,,,,,,,,,,,,,,,,,,,
,,,,,,,,,,,,,,,,,,,,,,,,,
,,,,,,,,,,,,,,,,,,,,,,,,,
,,,,,,,,,,,,,,,,,,,,,,,,,
,,,,,,,,,,,,,,,,,,,,,,,,,
,,,,,,,,,,,,,,,,,,,,,,,,,
,,,,,,,,,,,,,,,,,,,,,,,,,
,,,,,,,,,,,,,,,,,,,,,,,,,
,,,,,,,,,,,,,,,,,,,,,,,,,
,,,,,,,,,,,,,,,,,,,,,,,,,
,,,,,,,,,,,,,,,,,,,,,,,,,
,,,,,,,,,,,,,,,,,,,,,,,,,
,,,,,,,,,,,,,,,,,,,,,,,,,
,,,,,,,,,,,,,,,,,,,,,,,,,
,,,,,,,,,,,,,,,,,,,,,,,,,
,,,,,,,,,,,,,,,,,,,,,,,,,
,,,,,,,,,,,,,,,,,,,,,,,,,
,,,,,,,,,,,,,,,,,,,,,,,,,
,,,,,,,,,,,,,,,,,,,,,,,,,
,,,,,,,,,,,,,,,,,,,,,,,,,
,,,,,,,,,,,,,,,,,,,,,,,,,
,,,,,,,,,,,,,,,,,,,,,,,,,
,,,,,,,,,,,,,,,,,,,,,,,,,
,,,,,,,,,,,,,,,,,,,,,,,,,
,,,,,,,,,,,,,,,,,,,,,,,,,
,,,,,,,,,,,,,,,,,,,,,,,,,
,,,,,,,,,,,,,,,,,,,,,,,,,
,,,,,,,,,,,,,,,,,,,,,,,,,
,,,,,,,,,,,,,,,,,,,,,,,,,
,,,,,,,,,,,,,,,,,,,,,,,,,
,,,,,,,,,,,,,,,,,,,,,,,,,
,,,,,,,,,,,,,,,,,,,,,,,,,
,,,,,,,,,,,,,,,,,,,,,,,,,
,,,,,,,,,,,,,,,,,,,,,,,,,
,,,,,,,,,,,,,,,,,,,,,,,,,
,,,,,,,,,,,,,,,,,,,,,,,,,
,,,,,,,,,,,,,,,,,,,,,,,,,
,,,,,,,,,,,,,,,,,,,,,,,,,
,,,,,,,,,,,,,,,,,,,,,,,,,
,,,,,,,,,,,,,,,,,,,,,,,,,
,,,,,,,,,,,,,,,,,,,,,,,,,
,,,,,,,,,,,,,,,,,,,,,,,,,
,,,,,,,,,,,,,,,,,,,,,,,,,
,,,,,,,,,,,,,,,,,,,,,,,,,
,,,,,,,,,,,,,,,,,,,,,,,,,
,,,,,,,,,,,,,,,,,,,,,,,,,
,,,,,,,,,,,,,,,,,,,,,,,,,
,,,,,,,,,,,,,,,,,,,,,,,,,
,,,,,,,,,,,,,,,,,,,,,,,,,
,,,,,,,,,,,,,,,,,,,,,,,,,
,,,,,,,,,,,,,,,,,,,,,,,,,
,,,,,,,,,,,,,,,,,,,,,,,,,
,,,,,,,,,,,,,,,,,,,,,,,,,
,,,,,,,,,,,,,,,,,,,,,,,,,
,,,,,,,,,,,,,,,,,,,,,,,,,
,,,,,,,,,,,,,,,,,,,,,,,,,
,,,,,,,,,,,,,,,,,,,,,,,,,
,,,,,,,,,,,,,,,,,,,,,,,,,
,,,,,,,,,,,,,,,,,,,,,,,,,
,,,,,,,,,,,,,,,,,,,,,,,,,
,,,,,,,,,,,,,,,,,,,,,,,,,
,,,,,,,,,,,,,,,,,,,,,,,,,
,,,,,,,,,,,,,,,,,,,,,,,,,
,,,,,,,,,,,,,,,,,,,,,,,,,
,,,,,,,,,,,,,,,,,,,,,,,,,
,,,,,,,,,,,,,,,,,,,,,,,,,
,,,,,,,,,,,,,,,,,,,,,,,,,
,,,,,,,,,,,,,,,,,,,,,,,,,
,,,,,,,,,,,,,,,,,,,,,,,,,
,,,,,,,,,,,,,,,,,,,,,,,,,
,,,,,,,,,,,,,,,,,,,,,,,,,
,,,,,,,,,,,,,,,,,,,,,,,,,
,,,,,,,,,,,,,,,,,,,,,,,,,
,,,,,,,,,,,,,,,,,,,,,,,,,
,,,,,,,,,,,,,,,,,,,,,,,,,
,,,,,,,,,,,,,,,,,,,,,,,,,
,,,,,,,,,,,,,,,,,,,,,,,,,
,,,,,,,,,,,,,,,,,,,,,,,,,
,,,,,,,,,,,,,,,,,,,,,,,,,
,,,,,,,,,,,,,,,,,,,,,,,,,
,,,,,,,,,,,,,,,,,,,,,,,,,
,,,,,,,,,,,,,,,,,,,,,,,,,
,,,,,,,,,,,,,,,,,,,,,,,,,
,,,,,,,,,,,,,,,,,,,,,,,,,
,,,,,,,,,,,,,,,,,,,,,,,,,
,,,,,,,,,,,,,,,,,,,,,,,,,
,,,,,,,,,,,,,,,,,,,,,,,,,
,,,,,,,,,,,,,,,,,,,,,,,,,
,,,,,,,,,,,,,,,,,,,,,,,,,
,,,,,,,,,,,,,,,,,,,,,,,,,
,,,,,,,,,,,,,,,,,,,,,,,,,
,,,,,,,,,,,,,,,,,,,,,,,,,
,,,,,,,,,,,,,,,,,,,,,,,,,
,,,,,,,,,,,,,,,,,,,,,,,,,
,,,,,,,,,,,,,,,,,,,,,,,,,
,,,,,,,,,,,,,,,,,,,,,,,,,
,,,,,,,,,,,,,,,,,,,,,,,,,
,,,,,,,,,,,,,,,,,,,,,,,,,
,,,,,,,,,,,,,,,,,,,,,,,,,
,,,,,,,,,,,,,,,,,,,,,,,,,
,,,,,,,,,,,,,,,,,,,,,,,,,
,,,,,,,,,,,,,,,,,,,,,,,,,
,,,,,,,,,,,,,,,,,,,,,,,,,
,,,,,,,,,,,,,,,,,,,,,,,,,
,,,,,,,,,,,,,,,,,,,,,,,,,
,,,,,,,,,,,,,,,,,,,,,,,,,
,,,,,,,,,,,,,,,,,,,,,,,,,
,,,,,,,,,,,,,,,,,,,,,,,,,
,,,,,,,,,,,,,,,,,,,,,,,,,
,,,,,,,,,,,,,,,,,,,,,,,,,
,,,,,,,,,,,,,,,,,,,,,,,,,
,,,,,,,,,,,,,,,,,,,,,,,,,
,,,,,,,,,,,,,,,,,,,,,,,,,
,,,,,,,,,,,,,,,,,,,,,,,,,
,,,,,,,,,,,,,,,,,,,,,,,,,
,,,,,,,,,,,,,,,,,,,,,,,,,
,,,,,,,,,,,,,,,,,,,,,,,,,
,,,,,,,,,,,,,,,,,,,,,,,,,
,,,,,,,,,,,,,,,,,,,,,,,,,
,,,,,,,,,,,,,,,,,,,,,,,,,
,,,,,,,,,,,,,,,,,,,,,,,,,
,,,,,,,,,,,,,,,,,,,,,,,,,
,,,,,,,,,,,,,,,,,,,,,,,,,
,,,,,,,,,,,,,,,,,,,,,,,,,
,,,,,,,,,,,,,,,,,,,,,,,,,
,,,,,,,,,,,,,,,,,,,,,,,,,
,,,,,,,,,,,,,,,,,,,,,,,,,
,,,,,,,,,,,,,,,,,,,,,,,,,
,,,,,,,,,,,,,,,,,,,,,,,,,
,,,,,,,,,,,,,,,,,,,,,,,,,
,,,,,,,,,,,,,,,,,,,,,,,,,
,,,,,,,,,,,,,,,,,,,,,,,,,
,,,,,,,,,,,,,,,,,,,,,,,,,
,,,,,,,,,,,,,,,,,,,,,,,,,
,,,,,,,,,,,,,,,,,,,,,,,,,
,,,,,,,,,,,,,,,,,,,,,,,,,
,,,,,,,,,,,,,,,,,,,,,,,,,
,,,,,,,,,,,,,,,,,,,,,,,,,
,,,,,,,,,,,,,,,,,,,,,,,,,
,,,,,,,,,,,,,,,,,,,,,,,,,
,,,,,,,,,,,,,,,,,,,,,,,,,
,,,,,,,,,,,,,,,,,,,,,,,,,
,,,,,,,,,,,,,,,,,,,,,,,,,
,,,,,,,,,,,,,,,,,,,,,,,,,
,,,,,,,,,,,,,,,,,,,,,,,,,
,,,,,,,,,,,,,,,,,,,,,,,,,
,,,,,,,,,,,,,,,,,,,,,,,,,
,,,,,,,,,,,,,,,,,,,,,,,,,
,,,,,,,,,,,,,,,,,,,,,,,,,
,,,,,,,,,,,,,,,,,,,,,,,,,
,,,,,,,,,,,,,,,,,,,,,,,,,
,,,,,,,,,,,,,,,,,,,,,,,,,
,,,,,,,,,,,,,,,,,,,,,,,,,
,,,,,,,,,,,,,,,,,,,,,,,,,
,,,,,,,,,,,,,,,,,,,,,,,,,
,,,,,,,,,,,,,,,,,,,,,,,,,
,,,,,,,,,,,,,,,,,,,,,,,,,
,,,,,,,,,,,,,,,,,,,,,,,,,
,,,,,,,,,,,,,,,,,,,,,,,,,
,,,,,,,,,,,,,,,,,,,,,,,,,
,,,,,,,,,,,,,,,,,,,,,,,,,
,,,,,,,,,,,,,,,,,,,,,,,,,
,,,,,,,,,,,,,,,,,,,,,,,,,
,,,,,,,,,,,,,,,,,,,,,,,,,
,,,,,,,,,,,,,,,,,,,,,,,,,
,,,,,,,,,,,,,,,,,,,,,,,,,
,,,,,,,,,,,,,,,,,,,,,,,,,
,,,,,,,,,,,,,,,,,,,,,,,,,
,,,,,,,,,,,,,,,,,,,,,,,,,
,,,,,,,,,,,,,,,,,,,,,,,,,
,,,,,,,,,,,,,,,,,,,,,,,,,
,,,,,,,,,,,,,,,,,,,,,,,,,
,,,,,,,,,,,,,,,,,,,,,,,,,
,,,,,,,,,,,,,,,,,,,,,,,,,
,,,,,,,,,,,,,,,,,,,,,,,,,
,,,,,,,,,,,,,,,,,,,,,,,,,
,,,,,,,,,,,,,,,,,,,,,,,,,
,,,,,,,,,,,,,,,,,,,,,,,,,
,,,,,,,,,,,,,,,,,,,,,,,,,
,,,,,,,,,,,,,,,,,,,,,,,,,
,,,,,,,,,,,,,,,,,,,,,,,,,
,,,,,,,,,,,,,,,,,,,,,,,,,
,,,,,,,,,,,,,,,,,,,,,,,,,
,,,,,,,,,,,,,,,,,,,,,,,,,
,,,,,,,,,,,,,,,,,,,,,,,,,
,,,,,,,,,,,,,,,,,,,,,,,,,
,,,,,,,,,,,,,,,,,,,,,,,,,
,,,,,,,,,,,,,,,,,,,,,,,,,
,,,,,,,,,,,,,,,,,,,,,,,,,
,,,,,,,,,,,,,,,,,,,,,,,,,
,,,,,,,,,,,,,,,,,,,,,,,,,
,,,,,,,,,,,,,,,,,,,,,,,,,
,,,,,,,,,,,,,,,,,,,,,,,,,
,,,,,,,,,,,,,,,,,,,,,,,,,
,,,,,,,,,,,,,,,,,,,,,,,,,
,,,,,,,,,,,,,,,,,,,,,,,,,
,,,,,,,,,,,,,,,,,,,,,,,,,
,,,,,,,,,,,,,,,,,,,,,,,,,
,,,,,,,,,,,,,,,,,,,,,,,,,
,,,,,,,,,,,,,,,,,,,,,,,,,
,,,,,,,,,,,,,,,,,,,,,,,,,
,,,,,,,,,,,,,,,,,,,,,,,,,
,,,,,,,,,,,,,,,,,,,,,,,,,
,,,,,,,,,,,,,,,,,,,,,,,,,
,,,,,,,,,,,,,,,,,,,,,,,,,
,,,,,,,,,,,,,,,,,,,,,,,,,
,,,,,,,,,,,,,,,,,,,,,,,,,
,,,,,,,,,,,,,,,,,,,,,,,,,
,,,,,,,,,,,,,,,,,,,,,,,,,
,,,,,,,,,,,,,,,,,,,,,,,,,
,,,,,,,,,,,,,,,,,,,,,,,,,
,,,,,,,,,,,,,,,,,,,,,,,,,
,,,,,,,,,,,,,,,,,,,,,,,,,
,,,,,,,,,,,,,,,,,,,,,,,,,
,,,,,,,,,,,,,,,,,,,,,,,,,
,,,,,,,,,,,,,,,,,,,,,,,,,
,,,,,,,,,,,,,,,,,,,,,,,,,
,,,,,,,,,,,,,,,,,,,,,,,,,
,,,,,,,,,,,,,,,,,,,,,,,,,
,,,,,,,,,,,,,,,,,,,,,,,,,
,,,,,,,,,,,,,,,,,,,,,,,,,
,,,,,,,,,,,,,,,,,,,,,,,,,
,,,,,,,,,,,,,,,,,,,,,,,,,
,,,,,,,,,,,,,,,,,,,,,,,,,
,,,,,,,,,,,,,,,,,,,,,,,,,
,,,,,,,,,,,,,,,,,,,,,,,,,
,,,,,,,,,,,,,,,,,,,,,,,,,
,,,,,,,,,,,,,,,,,,,,,,,,,
,,,,,,,,,,,,,,,,,,,,,,,,,
,,,,,,,,,,,,,,,,,,,,,,,,,
,,,,,,,,,,,,,,,,,,,,,,,,,
,,,,,,,,,,,,,,,,,,,,,,,,,
,,,,,,,,,,,,,,,,,,,,,,,,,
,,,,,,,,,,,,,,,,,,,,,,,,,
,,,,,,,,,,,,,,,,,,,,,,,,,
,,,,,,,,,,,,,,,,,,,,,,,,,
,,,,,,,,,,,,,,,,,,,,,,,,,
,,,,,,,,,,,,,,,,,,,,,,,,,
,,,,,,,,,,,,,,,,,,,,,,,,,
,,,,,,,,,,,,,,,,,,,,,,,,,
,,,,,,,,,,,,,,,,,,,,,,,,,
,,,,,,,,,,,,,,,,,,,,,,,,,
,,,,,,,,,,,,,,,,,,,,,,,,,
,,,,,,,,,,,,,,,,,,,,,,,,,
,,,,,,,,,,,,,,,,,,,,,,,,,
,,,,,,,,,,,,,,,,,,,,,,,,,
,,,,,,,,,,,,,,,,,,,,,,,,,
,,,,,,,,,,,,,,,,,,,,,,,,,
,,,,,,,,,,,,,,,,,,,,,,,,,
,,,,,,,,,,,,,,,,,,,,,,,,,
,,,,,,,,,,,,,,,,,,,,,,,,,
,,,,,,,,,,,,,,,,,,,,,,,,,
,,,,,,,,,,,,,,,,,,,,,,,,,
,,,,,,,,,,,,,,,,,,,,,,,,,
,,,,,,,,,,,,,,,,,,,,,,,,,
,,,,,,,,,,,,,,,,,,,,,,,,,
,,,,,,,,,,,,,,,,,,,,,,,,,
,,,,,,,,,,,,,,,,,,,,,,,,,
,,,,,,,,,,,,,,,,,,,,,,,,,
,,,,,,,,,,,,,,,,,,,,,,,,,
,,,,,,,,,,,,,,,,,,,,,,,,,
,,,,,,,,,,,,,,,,,,,,,,,,,
,,,,,,,,,,,,,,,,,,,,,,,,,
,,,,,,,,,,,,,,,,,,,,,,,,,
,,,,,,,,,,,,,,,,,,,,,,,,,
,,,,,,,,,,,,,,,,,,,,,,,,,
,,,,,,,,,,,,,,,,,,,,,,,,,
,,,,,,,,,,,,,,,,,,,,,,,,,
,,,,,,,,,,,,,,,,,,,,,,,,,
,,,,,,,,,,,,,,,,,,,,,,,,,
,,,,,,,,,,,,,,,,,,,,,,,,,
,,,,,,,,,,,,,,,,,,,,,,,,,
,,,,,,,,,,,,,,,,,,,,,,,,,
,,,,,,,,,,,,,,,,,,,,,,,,,
,,,,,,,,,,,,,,,,,,,,,,,,,
,,,,,,,,,,,,,,,,,,,,,,,,,
,,,,,,,,,,,,,,,,,,,,,,,,,
,,,,,,,,,,,,,,,,,,,,,,,,,
,,,,,,,,,,,,,,,,,,,,,,,,,
,,,,,,,,,,,,,,,,,,,,,,,,,
,,,,,,,,,,,,,,,,,,,,,,,,,
,,,,,,,,,,,,,,,,,,,,,,,,,
,,,,,,,,,,,,,,,,,,,,,,,,,
,,,,,,,,,,,,,,,,,,,,,,,,,
,,,,,,,,,,,,,,,,,,,,,,,,,
,,,,,,,,,,,,,,,,,,,,,,,,,
,,,,,,,,,,,,,,,,,,,,,,,,,
,,,,,,,,,,,,,,,,,,,,,,,,,
,,,,,,,,,,,,,,,,,,,,,,,,,
,,,,,,,,,,,,,,,,,,,,,,,,,
,,,,,,,,,,,,,,,,,,,,,,,,,
,,,,,,,,,,,,,,,,,,,,,,,,,
,,,,,,,,,,,,,,,,,,,,,,,,,
,,,,,,,,,,,,,,,,,,,,,,,,,
,,,,,,,,,,,,,,,,,,,,,,,,,
,,,,,,,,,,,,,,,,,,,,,,,,,
,,,,,,,,,,,,,,,,,,,,,,,,,
,,,,,,,,,,,,,,,,,,,,,,,,,
,,,,,,,,,,,,,,,,,,,,,,,,,
,,,,,,,,,,,,,,,,,,,,,,,,,
,,,,,,,,,,,,,,,,,,,,,,,,,
,,,,,,,,,,,,,,,,,,,,,,,,,
,,,,,,,,,,,,,,,,,,,,,,,,,
,,,,,,,,,,,,,,,,,,,,,,,,,
,,,,,,,,,,,,,,,,,,,,,,,,,
,,,,,,,,,,,,,,,,,,,,,,,,,
,,,,,,,,,,,,,,,,,,,,,,,,,
,,,,,,,,,,,,,,,,,,,,,,,,,
,,,,,,,,,,,,,,,,,,,,,,,,,
,,,,,,,,,,,,,,,,,,,,,,,,,
,,,,,,,,,,,,,,,,,,,,,,,,,
,,,,,,,,,,,,,,,,,,,,,,,,,
,,,,,,,,,,,,,,,,,,,,,,,,,
,,,,,,,,,,,,,,,,,,,,,,,,,
,,,,,,,,,,,,,,,,,,,,,,,,,
,,,,,,,,,,,,,,,,,,,,,,,,,
,,,,,,,,,,,,,,,,,,,,,,,,,
,,,,,,,,,,,,,,,,,,,,,,,,,
,,,,,,,,,,,,,,,,,,,,,,,,,
,,,,,,,,,,,,,,,,,,,,,,,,,
,,,,,,,,,,,,,,,,,,,,,,,,,
,,,,,,,,,,,,,,,,,,,,,,,,,
,,,,,,,,,,,,,,,,,,,,,,,,,
,,,,,,,,,,,,,,,,,,,,,,,,,
,,,,,,,,,,,,,,,,,,,,,,,,,
,,,,,,,,,,,,,,,,,,,,,,,,,
,,,,,,,,,,,,,,,,,,,,,,,,,
,,,,,,,,,,,,,,,,,,,,,,,,,
,,,,,,,,,,,,,,,,,,,,,,,,,
,,,,,,,,,,,,,,,,,,,,,,,,,
,,,,,,,,,,,,,,,,,,,,,,,,,
,,,,,,,,,,,,,,,,,,,,,,,,,
,,,,,,,,,,,,,,,,,,,,,,,,,
,,,,,,,,,,,,,,,,,,,,,,,,,
,,,,,,,,,,,,,,,,,,,,,,,,,
,,,,,,,,,,,,,,,,,,,,,,,,,
,,,,,,,,,,,,,,,,,,,,,,,,,
,,,,,,,,,,,,,,,,,,,,,,,,,
,,,,,,,,,,,,,,,,,,,,,,,,,
,,,,,,,,,,,,,,,,,,,,,,,,,
,,,,,,,,,,,,,,,,,,,,,,,,,
,,,,,,,,,,,,,,,,,,,,,,,,,
,,,,,,,,,,,,,,,,,,,,,,,,,
,,,,,,,,,,,,,,,,,,,,,,,,,
,,,,,,,,,,,,,,,,,,,,,,,,,
,,,,,,,,,,,,,,,,,,,,,,,,,
,,,,,,,,,,,,,,,,,,,,,,,,,
,,,,,,,,,,,,,,,,,,,,,,,,,
,,,,,,,,,,,,,,,,,,,,,,,,,
,,,,,,,,,,,,,,,,,,,,,,,,,
,,,,,,,,,,,,,,,,,,,,,,,,,
,,,,,,,,,,,,,,,,,,,,,,,,,
,,,,,,,,,,,,,,,,,,,,,,,,,
,,,,,,,,,,,,,,,,,,,,,,,,,
,,,,,,,,,,,,,,,,,,,,,,,,,
,,,,,,,,,,,,,,,,,,,,,,,,,
,,,,,,,,,,,,,,,,,,,,,,,,,
,,,,,,,,,,,,,,,,,,,,,,,,,
,,,,,,,,,,,,,,,,,,,,,,,,,
,,,,,,,,,,,,,,,,,,,,,,,,,
,,,,,,,,,,,,,,,,,,,,,,,,,
,,,,,,,,,,,,,,,,,,,,,,,,,
,,,,,,,,,,,,,,,,,,,,,,,,,
,,,,,,,,,,,,,,,,,,,,,,,,,
,,,,,,,,,,,,,,,,,,,,,,,,,
,,,,,,,,,,,,,,,,,,,,,,,,,
,,,,,,,,,,,,,,,,,,,,,,,,,
,,,,,,,,,,,,,,,,,,,,,,,,,
,,,,,,,,,,,,,,,,,,,,,,,,,
,,,,,,,,,,,,,,,,,,,,,,,,,
,,,,,,,,,,,,,,,,,,,,,,,,,
,,,,,,,,,,,,,,,,,,,,,,,,,
,,,,,,,,,,,,,,,,,,,,,,,,,
,,,,,,,,,,,,,,,,,,,,,,,,,
,,,,,,,,,,,,,,,,,,,,,,,,,
,,,,,,,,,,,,,,,,,,,,,,,,,
,,,,,,,,,,,,,,,,,,,,,,,,,
,,,,,,,,,,,,,,,,,,,,,,,,,
,,,,,,,,,,,,,,,,,,,,,,,,,
,,,,,,,,,,,,,,,,,,,,,,,,,
,,,,,,,,,,,,,,,,,,,,,,,,,
,,,,,,,,,,,,,,,,,,,,,,,,,
,,,,,,,,,,,,,,,,,,,,,,,,,
,,,,,,,,,,,,,,,,,,,,,,,,,
,,,,,,,,,,,,,,,,,,,,,,,,,
